EmoteName,ImageUrl,SentimentScore
GIGACHAD,https://cdn.7tv.app/emote/01F6MZGCNG000255K4X1K7NTHR/1x_static.png,0.8
NOOOO,https://cdn.7tv.app/emote/01F6MKTFTG0009C9ZSNZTFV2ZF/1x_static.png,-0.7
catJAM,https://cdn.7tv.app/emote/01F6MQ33FG000FFJ97ZB8MWV52/1x_static.png,0.7
BOOBA,https://cdn.7tv.app/emote/01F6N31ETR0004P7N4A9PKS5X9/1x_static.png,0.4
COPIUM,https://cdn.7tv.app/emote/01F6ME7ADR0000WDA7ERT9H30R/1x_static.png,-0.2
Prayge,https://cdn.7tv.app/emote/01F6NACCD80006SZ7ZW5FMWKWK/1x.png,0.3
OMEGALUL,https://cdn.7tv.app/emote/01F00Z3A9G0007E4VV006YKSK9/1x.png,0.6
Bedge,https://cdn.7tv.app/emote/01F6MXJD8R000F76KNAAV5HDGD/1x.png,-0.4
catKISS,https://cdn.7tv.app/emote/01F5VW2TKR0003RCV2Z6JBHCST/1x_static.png,0.8
NODDERS,https://cdn.7tv.app/emote/01F6MDFCSR0000WDA7ERT623YT/1x_static.png,0.5
Sadge,https://cdn.7tv.app/emote/01EZPG1FN80001SNAW00ADK2DY/1x.png,-0.7
DIESOFCRINGE,https://cdn.7tv.app/emote/01FCX95ZG80009QXBMY7YYTVBJ/1x_static.png,-0.8
modCheck,https://cdn.7tv.app/emote/01F6FTE8B80008E39HFFQJ7MWS/1x_static.png,0.0
peepoHey,https://cdn.7tv.app/emote/01F6NMMEER00015NVG2J8ZH77N/1x_static.png,0.7
SUSSY,https://cdn.7tv.app/emote/01F8G9MDAR0009YQPYZYCKHYKQ/1x_static.png,0.2
donowall,https://cdn.7tv.app/emote/01F6BN89H80006VBW12DRB1DJ0/1x_static.png,-0.3
Clueless,https://cdn.7tv.app/emote/01F6T8NM9R0007M5BTFWSP1YSJ/1x.png,0.0
Aware,https://cdn.7tv.app/emote/01FFWH9WV80000JT8GHDKHJNZC/1x_static.png,-0.2
KEKW,https://cdn.7tv.app/emote/01F61B1440000991F7SWQNMVX7/1x.png,0.6
xdd,https://cdn.7tv.app/emote/01FF3R5C30000FF5VVCKV49G6J/1x.png,0.5
Hmm,https://cdn.7tv.app/emote/01F6MA6Y100002B6P5MWZ5D916/1x.png,0.0
ratJAM,https://cdn.7tv.app/emote/01F6QV6G8R0000TEKRM6BFG0Z3/1x_static.png,0.6
LETSGO,https://cdn.7tv.app/emote/01F6RD7B88000B4N55W5NS55R7/1x_static.png,0.9
peepoClap,https://cdn.7tv.app/emote/01F6NET6G00009JYTB75QDKV1S/1x_static.png,0.7
muted,https://cdn.7tv.app/emote/01F63B8GJR000AE7CZT484KXF9/1x_static.png,-0.2
SNIFFA,https://cdn.7tv.app/emote/01F7M225F8000AWSXNQ65M4PKG/1x_static.png,0.3
peepoDJ,https://cdn.7tv.app/emote/01FBS4X63R000AAZQB4F0E7SEB/1x_static.png,0.8
pepeJAM,https://cdn.7tv.app/emote/01EZY967K0000CYST6006V20T8/1x_static.png,0.7
AINTNOWAY,https://cdn.7tv.app/emote/01GDDQVMH000038Q48APH8VE3Q/1x_static.png,-0.3
peepoGiggles,https://cdn.7tv.app/emote/01F6NTA4X80007X1R6PNS21T6E/1x_static.png,0.9
peepoLeave,https://cdn.7tv.app/emote/01G4ZGET1R0003SYTMXJ2SQCGP/1x_static.png,-0.1
YEP,https://cdn.7tv.app/emote/01F6PPENA80002RDNAW6F35V4X/1x.png,0.4
Pog,https://cdn.7tv.app/emote/01EZTCN91800012PTN006Q50PR/1x.png,0.8
RAGEY,https://cdn.7tv.app/emote/01GBFAYKGR000FWWN7MDZZ8XQN/1x_static.png,-0.7
Madge,https://cdn.7tv.app/emote/01F6ASPNM00009TPCEMWQTT4XX/1x.png,-0.6
peepoShy,https://cdn.7tv.app/emote/01GK4EW2AG0004SH49XX2J74KJ/1x_static.png,0.2
peepoArrive,https://cdn.7tv.app/emote/01F6Q92RGG000A6S4F82D85T0B/1x_static.png,0.6
monkaW,https://cdn.7tv.app/emote/01F6NPHCN0000BEKN8ZXWQNSDC/1x.png,-0.4
PETTHEMODS,https://cdn.7tv.app/emote/01F6NF001G00044EM07K5E6WYK/1x_static.png,0.7
WICKED,https://cdn.7tv.app/emote/01F6NM2T080003C6R1CKK0T0P2/1x_static.png,0.6
PepeLaugh,https://cdn.7tv.app/emote/01F6Q76NN80005589X3BDK9CN1/1x_static.png,0.7
HUH,https://cdn.7tv.app/emote/01FKKW7C1G0008TM5NY9QEFEDW/1x_static.png,0.0
Susge,https://cdn.7tv.app/emote/01F6S7PENR0008HT14D95H43BY/1x.png,0.1
peepoBye,https://cdn.7tv.app/emote/01F6Q09DJR00015Y8FNQBDEPQK/1x_static.png,0.2
SadgeCry,https://cdn.7tv.app/emote/01F6MMZW3R00012ZP6HJJ38G2E/1x_static.png,-0.9
Nerdge,https://cdn.7tv.app/emote/01F9Q9PA100009VDTF4G64R32V/1x_static.png,0.2
classic,https://cdn.7tv.app/emote/01GBPSCGR00007Q17796BDN5AJ/1x_static.png,0.3
monkaSTEER,https://cdn.7tv.app/emote/01F6NMEF1R000AAS5FM9QEG8S3/1x_static.png,-0.3
Clap,https://cdn.7tv.app/emote/01F6NE9AER000CKKT9BSDYGT0J/1x_static.png,0.6
VIBE,https://cdn.7tv.app/emote/01FYQZVG280006SX8JX4TD7SJA/1x_static.png,0.8
5Head,https://cdn.7tv.app/emote/01F6NPFQXG000AAS5FM9Q6GVCC/1x.png,0.5
WHAT,https://cdn.7tv.app/emote/01G4ZTECKR0002P97QQ94BDSP4/1x_static.png,-0.1
NOPERS,https://cdn.7tv.app/emote/01EZY51MDR000CYST6006V20T4/1x_static.png,-0.4
ok,https://cdn.7tv.app/emote/01G1M77D4R0004YN3NKDRR9YKJ/1x.png,0.1
o7,https://cdn.7tv.app/emote/01FS5ZCFG0000500DPPCXJWCP8/1x.png,0.4
NOWAYING,https://cdn.7tv.app/emote/01GQ3WPTDR000300KQF1J7PFF8/1x_static.png,-0.2
peepoRiot,https://cdn.7tv.app/emote/01F6NTBCYG000B70V1XA8K6W4P/1x_static.png,-0.5
Chatting,https://cdn.7tv.app/emote/01FAK9C8MR0004HKF2ZK1YPQ5A/1x_static.png,0.0
Pepega,https://cdn.7tv.app/emote/01EZTD6KQ800012PTN006Q50PV/1x.png,-0.2
uuh,https://cdn.7tv.app/emote/01H0405680000AJFXTYVX2PNJ7/1x_static.png,-0.1
HACKERMANS,https://cdn.7tv.app/emote/01F6WP22CR0004YCK11WAVZHEW/1x_static.png,0.4
PogU,https://cdn.7tv.app/emote/01F6M3N17G000B5V5G2M2RYJN7/1x.png,0.9
pepeD,https://cdn.7tv.app/emote/01F2ZWD6CR000DSBG200DM9SGM/1x_static.png,0.6
wideVIBE,https://cdn.7tv.app/emote/01G1GXCR380004YN3NKDRR9QHD/1x_static.png,0.8
LETHIMCOOK,https://cdn.7tv.app/emote/01GN5QQ1X8000C0QTR0C8JV0GR/1x.png,0.7
ICANT,https://cdn.7tv.app/emote/01FA0PBXM8000AD7Y8T9ZMTFZ5/1x.png,-0.3
POGGERS,https://cdn.7tv.app/emote/01F6P0803G000898NRWSAKGYXT/1x.png,0.8
PeepoFinger,https://cdn.7tv.app/emote/01F779KZC8000D25DGAC8PTX5Q/1x_static.png,-0.3
Okayge,https://cdn.7tv.app/emote/01F7GJ0N4R00074A83FVHRDMDB/1x.png,0.2
EZ,https://cdn.7tv.app/emote/01GB9W6V0000098BZVD7GKTW0F/1x.png,0.5
dinkDonk,https://cdn.7tv.app/emote/01EZPJCXQ8000C438200A44F38/1x_static.png,0.3
popCat,https://cdn.7tv.app/emote/01F6NPEJT0000B70V1XA8MNBC9/1x_static.png,0.5
Listening,https://cdn.7tv.app/emote/01FWR6BNTR0007SGPMW6AKG0Q9/1x_static.png,0.3
lebronJAM,https://cdn.7tv.app/emote/01GA4TYKW0000EN50T4AGZ0CK8/1x_static.png,0.7
RIPBOZO,https://cdn.7tv.app/emote/01F9DGR2YG000E7SC8F959BREV/1x_static.png,-0.5
peepoFAT,https://cdn.7tv.app/emote/01F6QZESK8000ATZXMPM5KMFNF/1x_static.png,0.0
meow,https://cdn.7tv.app/emote/01F6NCKMP000052X5637DW2XDY/1x_static.png,0.4
TrollDespair,https://cdn.7tv.app/emote/01EZPGMA6G00047EF100A1SBTF/1x.png,-0.8
peepoRun,https://cdn.7tv.app/emote/01F6Q045KR0005589X3BDQHRAY/1x_static.png,0.4
FLASHBANG,https://cdn.7tv.app/emote/01F7CTADRG000351ERP2WA0ME9/1x_static.png,0.0
catJam,https://cdn.7tv.app/emote/01F6ME9FRG0005TFYTWP1H8R42/1x_static.png,0.8
Nerd,https://cdn.7tv.app/emote/01FEV00990000FCZBKX8KY8JRF/1x_static.png,0.0
MONKE,https://cdn.7tv.app/emote/01G9FN8YF000080GCW6BK847N1/1x_static.png,0.5
Saved,https://cdn.7tv.app/emote/01F6SD865R0004VBRD7RGY6XAX/1x_static.png,0.6
PauseChamp,https://cdn.7tv.app/emote/01F6N2GFVR000F76KNAAVCSDGX/1x.png,0.1
kok,https://cdn.7tv.app/emote/01FSNYHXZ80000JPZ36BHMFSD4/1x_static.png,0.2
D:,https://cdn.7tv.app/emote/01GM78BAGR0001WBT5AMQY9YG3/1x.png,-0.6
MLADY,https://cdn.7tv.app/emote/01F6PYVPP80005CV1Y3Z4X4V4K/1x_static.png,0.4
Weirdge,https://cdn.7tv.app/emote/01F0HMZ1ZG0004V54C00A616CB/1x.png,-0.3
Wokege,https://cdn.7tv.app/emote/01FEEK9MRG000FR0PC38FM26SD/1x.png,0.0
BLANKIES,https://cdn.7tv.app/emote/01F63S8FHG000C5JJ7RZAXN6F1/1x_static.png,0.5
Amogus,https://cdn.7tv.app/emote/01F6NHAQMR00015NVG2J8J00CX/1x_static.png,0.3
peepoVanish,https://cdn.7tv.app/emote/01G9N52F28000D5R8HGE37V31V/1x_static.png,0.0
Dance,https://cdn.7tv.app/emote/01F6PWXW5R0005589X3BDJC4QC/1x_static.png,0.8
Jigglin,https://cdn.7tv.app/emote/01GA0HWQ7R0001VT2F11KM5EZM/1x_static.png,0.6
xdding,https://cdn.7tv.app/emote/01G9B5H16G0000AA8NJ01T47DR/1x_static.png,0.7
YesYes,https://cdn.7tv.app/emote/01FCJPHMT00008XKZT17QKXE7W/1x_static.png,0.7
peepoComfy,https://cdn.7tv.app/emote/01FAJRZBRR0002R979W3KES4A1/1x_static.png,0.8
Deadge,https://cdn.7tv.app/emote/01F8YE5QNR00081476FRV8XDEZ/1x.png,-0.6
PETTHESTREAMER,https://cdn.7tv.app/emote/01F6NNF9TR000AAS5FM9Q2GWZS/1x_static.png,0.7
nt,https://cdn.7tv.app/emote/01FTQC18ER0009FNT3YE4037FY/1x_static.png,-0.1
WhoAsked,https://cdn.7tv.app/emote/01FNSSG3T8000EJT2EVEY3FBSY/1x_static.png,-0.3
pepeMeltdown,https://cdn.7tv.app/emote/01F5YCPHCR000ARAYB43QJ1YM9/1x_static.png,-0.8
AlienPls3,https://cdn.7tv.app/emote/01F6M5ZD3R0002B6P5MWZDK80C/1x_static.png,0.6
Awkward,https://cdn.7tv.app/emote/01F6N7QDN8000DJW55Q77ZXZ4E/1x_static.png,-0.3
PepeHands,https://cdn.7tv.app/emote/01F010G3WG0007E4VV006YKSKP/1x.png,-0.7
COCKA,https://cdn.7tv.app/emote/01F6N5VDQR0009HX192HRCHSJB/1x_static.png,0.3
peepoLove,https://cdn.7tv.app/emote/01F6NPP6YG00013ACMMJP3W06V/1x.png,0.9
TriSad,https://cdn.7tv.app/emote/01EZPGQES8000C438200A44F0M/1x_static.png,-0.6
monkaChrist,https://cdn.7tv.app/emote/01F6SJ6CNR000F2AC3SMEG1HB5/1x_static.png,-0.5
happie,https://cdn.7tv.app/emote/01GY6AM3T000092DZSHC04S3AZ/1x_static.png,0.9
POLICE,https://cdn.7tv.app/emote/01F6Q72JSR0001K6WGNZJBARWS/1x_static.png,0.0
AAAA,https://cdn.7tv.app/emote/01FC4W70J80005D6HG0ANTP023/1x_static.png,-0.4
FeelsLagMan,https://cdn.7tv.app/emote/01F6MYGA9R000F76KNAAV8Z5SG/1x_static.png,-0.5
SCHIZO,https://cdn.7tv.app/emote/01FPRAG32R0006J1JS3TKF402V/1x_static.png,-0.6
Tssk,https://cdn.7tv.app/emote/01F6M8S930000B5V5G2M2GBRHN/1x_static.png,-0.2
PLEASE,https://cdn.7tv.app/emote/01FECSYPZR0002KVMNHJBZWTWH/1x_static.png,0.1
AlienPls,https://cdn.7tv.app/emote/01FA5X897G0007FCCDBQ9R010G/1x_static.png,0.6
FeelsRainMan,https://cdn.7tv.app/emote/01EZPGBXMR0001DCZS00AD662R/1x_static.png,-0.5
NOTED,https://cdn.7tv.app/emote/01GEEHRQYG0006MCY6R6BPV3HB/1x_static.png,0.3
gachiHYPER,https://cdn.7tv.app/emote/01F00ZJBQR0007E4VV006YKSKE/1x_static.png,0.7
CAUGHT,https://cdn.7tv.app/emote/01H0SQNM9R0005HNCSM10SYJEQ/1x.png,-0.2
PepoG,https://cdn.7tv.app/emote/01FPPZBFCR00054ET7GQBW419Q/1x.png,0.0
Oldge,https://cdn.7tv.app/emote/01F6VRYWHG000ECZXVKQBHSCZW/1x.png,-0.1
RainbowPls,https://cdn.7tv.app/emote/01G4M2821R000DSYZ0TDHA3ZKX/1x_static.png,0.8
VeryPog,https://cdn.7tv.app/emote/01EZPGPAN0000C438200A44F0K/1x_static.png,0.9
HYPERS,https://cdn.7tv.app/emote/01F6NMD520000AAS5FM9QEF9ZJ/1x.png,0.8
borpaSpin,https://cdn.7tv.app/emote/01F42G1J400005W0EZC5BGMVRX/1x_static.png,0.6
sadKEK,https://cdn.7tv.app/emote/01F6NP85QG0003C6R1CKK91XW2/1x.png,-0.5
Kissahomie,https://cdn.7tv.app/emote/01FB97GD3R0004RQA2VEY6V7NH/1x_static.png,0.7
veryCat,https://cdn.7tv.app/emote/01GMAH9MB000066S7TTNVB1TGD/1x_static.png,0.5
hi,https://cdn.7tv.app/emote/01GX6M9TRR000DJJ63WGMEA4Z8/1x_static.png,0.6
:3,https://cdn.7tv.app/emote/01GDGK795G000CF58E0FY6XT24/1x_static.png,0.7
peepoSit,https://cdn.7tv.app/emote/01F9RVMY90000DNGANWDK1Q04G/1x.png,0.3
MODS,https://cdn.7tv.app/emote/01F6N24VSG0004P7N4A9PZCA86/1x_static.png,0.0
hiii,https://cdn.7tv.app/emote/01HE3BAWE0000DR138X30ZQKE6/1x_static.png,0.8
TheVoices,https://cdn.7tv.app/emote/01GNDAV6R8000ASVTS4W77SX5G/1x_static.png,-0.5
widepeepoHappy,https://cdn.7tv.app/emote/01GF1Y2Q5G0000BGNJSP34TQRD/1x.png,0.9
blobDance,https://cdn.7tv.app/emote/01F6MWBB8R000255K4X1KDFFY5/1x_static.png,0.8
buh,https://cdn.7tv.app/emote/01GQFT1WF80002Q9KS8SKQMHHY/1x_static.png,-0.1
monkaS,https://cdn.7tv.app/emote/01F78CHJ2G0005TDSTZFBDGMK4/1x.png,-0.5
hmmMeeting,https://cdn.7tv.app/emote/01G6ZAS2Z0000C5DHX3RQKV1W2/1x_static.png,0.0
peepoSleep,https://cdn.7tv.app/emote/01F640EPQG0003B9G1Z40HFHWQ/1x_static.png,0.2
Despairge,https://cdn.7tv.app/emote/01FTGK77VG0009FNT3YE4024KV/1x.png,-0.8
ReallyMad,https://cdn.7tv.app/emote/01FN8W1EP8000EXJQ7MWJVSDMP/1x.png,-0.8
pepePoint,https://cdn.7tv.app/emote/01F9VAX1HR0007HKZ9BRPQDTSM/1x_static.png,0.3
SoCute,https://cdn.7tv.app/emote/01GBZ948DG00012FGEGNTX5M9G/1x_static.png,0.9
TROLL,https://cdn.7tv.app/emote/01F6P1E7QR0002RDNAW6FFQ1E0/1x_static.png,0.2
peepoTalk,https://cdn.7tv.app/emote/01GAFVGT4R00000RRDBCNCTSPH/1x_static.png,0.3
baseg,https://cdn.7tv.app/emote/01FP6SPEB00001BCZZ99DVK9W5/1x.png,0.4
ppOverheat,https://cdn.7tv.app/emote/01F6M799Y00002B6P5MWZ02CR2/1x_static.png,0.6
Binoculars,https://cdn.7tv.app/emote/01EZZ5X4VR000CYST6006V20TK/1x.png,0.1
catsittingverycomfortablearoundacampfirewithitsfriends,https://cdn.7tv.app/emote/01GHN12RHR000CT2WN2PPQ0047/1x_static.png,0.9
POGGIES,https://cdn.7tv.app/emote/01F6P05NWG0003BH8AEY96655D/1x.png,0.8
Wankge,https://cdn.7tv.app/emote/01FM6380QR000B3TR3VAP7TCSF/1x_static.png,0.3
FeelsWeakMan,https://cdn.7tv.app/emote/01F93Q2KQG00097B7MSQRESTYR/1x_static.png,-0.6
huh,https://cdn.7tv.app/emote/01H94RXK8G000A3085VTM7A7ME/1x_static.png,0.0
mhm,https://cdn.7tv.app/emote/01GWBD2YR00002CCPRV6KPX758/1x_static.png,0.1
peepoPooPoo,https://cdn.7tv.app/emote/01FAJS69EG00093YGWG35T0VPJ/1x_static.png,-0.2
peepoFine,https://cdn.7tv.app/emote/01F6N2R7X8000AR0YATR3ZA83Z/1x_static.png,0.4
peepoBlush,https://cdn.7tv.app/emote/01FCEWEX60000DGV6QGPJ7715H/1x.png,0.6
Aloo,https://cdn.7tv.app/emote/01F6PRA3N80003BH8AEY9DWKDQ/1x_static.png,0.5
PETTHEVIPS,https://cdn.7tv.app/emote/01F6Q2ZCJ000061RJDY0DEWYZ2/1x_static.png,0.7
SEXO,https://cdn.7tv.app/emote/01FSGX5V000007E5TN8YT2AW0D/1x_static.png,0.3
crunch,https://cdn.7tv.app/emote/01GR5X7SPG00059JN12W34XF6K/1x_static.png,0.2
Smoge,https://cdn.7tv.app/emote/01F6PW2Q180005589X3BDH8408/1x_static.png,-0.4
PepegaCard,https://cdn.7tv.app/emote/01F6NKMQT00007X1R6PNSCYDZK/1x_static.png,-0.2
Life,https://cdn.7tv.app/emote/01FT0SJFNR0001M6SADSSJ9P4Q/1x.png,0.0
monkaHmm,https://cdn.7tv.app/emote/01F6Q5GT1000015Y8FNQB5ZCD8/1x.png,-0.2
jupijej,https://cdn.7tv.app/emote/01G7YR9X5G0003Z50SB3FM5WR4/1x_static.png,0.7
PepoPopcorn,https://cdn.7tv.app/emote/01F6QW78400004V0XPDH23G6HT/1x_static.png,0.5
lickR,https://cdn.7tv.app/emote/01F6T2AT280009HBZZET9GW581/1x_static.png,0.2
danse,https://cdn.7tv.app/emote/01FZ5KJ818000B4AWRZNMVN880/1x_static.png,0.7
peepoCheer,https://cdn.7tv.app/emote/01GFKMBAHG0007SC7A230SCCYX/1x_static.png,0.8
Offline,https://cdn.7tv.app/emote/01F6PRW1W8000898NRWSAT8Y98/1x_static.png,-0.2
peepoSmash,https://cdn.7tv.app/emote/01F6NVTBW8000BEKN8ZXWQXKG3/1x_static.png,-0.5
vibePls,https://cdn.7tv.app/emote/01F6VS6DR8000ECZXVKQBJ42S0/1x_static.png,0.8
NAHHH,https://cdn.7tv.app/emote/01GESA72SG000B6WHR50T3PZD4/1x_static.png,-0.6
DinkDonk,https://cdn.7tv.app/emote/01GAFVZWJ800000RRDBCNCTSQG/1x_static.png,0.3
SCATTER,https://cdn.7tv.app/emote/01GP2BY1XG0009TPRPGFYX0Q91/1x_static.png,0.2
AREYOUAGIRL,https://cdn.7tv.app/emote/01F6N58M5R0004P7N4A9PK7KD9/1x_static.png,0.1
peepoCoffee,https://cdn.7tv.app/emote/01F6MAWT78000B5V5G2M2MJBDY/1x_static.png,0.5
CaughtIn4K,https://cdn.7tv.app/emote/01F7EQGC20000284NZWHEGDT00/1x_static.png,0.0
Okayeg,https://cdn.7tv.app/emote/01EZPFKAH8000FNWX000ADZW5H/1x.png,0.2
monkaTOS,https://cdn.7tv.app/emote/01F6N373G0000F76KNAAV177D4/1x_static.png,-0.4
duckPls,https://cdn.7tv.app/emote/01FBBPVZQ00004CMZNTV0TZ92H/1x_static.png,0.7
SadCat,https://cdn.7tv.app/emote/01FB7RN3JG00033EKAWRH8XE5R/1x_static.png,-0.7
Smadge,https://cdn.7tv.app/emote/01F763W03G0005BGS0Y3M6JDP9/1x.png,-0.6
essaying,https://cdn.7tv.app/emote/01GHVJCZAG0003H7NMJ8DCS4E5/1x_static.png,0.0
Madgeclap,https://cdn.7tv.app/emote/01F7GJHE8800094VKK8P9SNH0V/1x_static.png,-0.5
Cheergi,https://cdn.7tv.app/emote/01G6RGHK980004RPYH3C4AN7SV/1x_static.png,0.8
WOT,https://cdn.7tv.app/emote/01FSN3TJW800038GDBZ91HT4PF/1x_static.png,-0.1
Joel,https://cdn.7tv.app/emote/01G08M28KR000BNDCWZMDRQ24X/1x_static.png,0.4
PagMan,https://cdn.7tv.app/emote/01F6N0NRYR000AR0YATR3Q3CPR/1x.png,0.8
peepoLeaveFinger,https://cdn.7tv.app/emote/01F6NHMC7R000B70V1XA8NAJ3E/1x_static.png,-0.2
ABDULpls,https://cdn.7tv.app/emote/01F6MWMBBG0004P7N4A9PS4H5N/1x_static.png,0.6
PartyKirby,https://cdn.7tv.app/emote/01F6TDT0280005G9TG05W2BXMB/1x_static.png,0.9
BASED,https://cdn.7tv.app/emote/01F031CCA80001TJB3006SVBHS/1x.png,0.7
Tasty,https://cdn.7tv.app/emote/01F6NAA63800052X5637DGY0E8/1x_static.png,0.6
sigma,https://cdn.7tv.app/emote/01GKCFCXXG0000BEE54GRT497P/1x_static.png,0.7
Adge,https://cdn.7tv.app/emote/01FER7BSPG000A35M54YK6J5Y7/1x_static.png,-0.4
GoodTake,https://cdn.7tv.app/emote/01F230PW60000F9Q0G00A2DEA6/1x_static.png,0.6
peepoChat,https://cdn.7tv.app/emote/01GEZX9N900003T6Y8KR7ZKS00/1x_static.png,0.5
gg,https://cdn.7tv.app/emote/01G1KTDMV00007V6BGFK48Q4DC/1x_static.png,0.5
plink,https://cdn.7tv.app/emote/01HA7QP7C8000BNMZK2KZG7XCQ/1x_static.png,0.2
ASSEMBLE,https://cdn.7tv.app/emote/01GWDGXVG0000FVNNHM4H1HZRF/1x_static.png,0.4
AYOOO,https://cdn.7tv.app/emote/01FPKXNN100007BSRDBAS9AJ0K/1x_static.png,0.3
CLEAN,https://cdn.7tv.app/emote/01F6N2WHKG000AR0YATR3ZV5X4/1x_static.png,0.5
lickL,https://cdn.7tv.app/emote/01F6T2BZ5R000FFMY8SXKA600Q/1x_static.png,0.2
TRUEING,https://cdn.7tv.app/emote/01F00YT2CR0007E4VV006YKSK6/1x_static.png,0.7
ViolinTime,https://cdn.7tv.app/emote/01F6M697J8000B5V5G2M2WDXMX/1x_static.png,0.4
SmokeTime,https://cdn.7tv.app/emote/01FEHRN6PR000AEZ0QNPT4F4MF/1x_static.png,0.2
Drake,https://cdn.7tv.app/emote/01F5PFXKP80004R630K8ESP57S/1x_static.png,0.3
Gladge,https://cdn.7tv.app/emote/01F6N6N8WG00052X5637DPSM77/1x.png,0.8
bye,https://cdn.7tv.app/emote/01HDPKA22G0003DSKWRRPR1DC1/1x_static.png,0.0
KEKL,https://cdn.7tv.app/emote/01F6S7T5T8000B4N55W5NRFBY4/1x.png,0.7
BANGER,https://cdn.7tv.app/emote/01F6SDAHC000053E74RSRY2AD2/1x_static.png,0.9
:d,https://cdn.7tv.app/emote/01FEM1R99G000AEZ0QNPT4F7C1/1x_static.png,0.7
pepeW,https://cdn.7tv.app/emote/01GB9XMSPG00098BZVD7GKTW1Z/1x_static.png,0.6
angy,https://cdn.7tv.app/emote/01FYXG5C3G0001NTS4HQM4JKKW/1x.png,-0.5
WAYTOOSMART,https://cdn.7tv.app/emote/01F5Y7JW30000ARAYB43QGQ4KV/1x_static.png,0.7
AYAYA,https://cdn.7tv.app/emote/01F8CTQCZ800099FQVFJ9XQRM1/1x.png,0.8
xdx,https://cdn.7tv.app/emote/01FZBTBQDG000DX0N9GHCRXYPH/1x.png,0.5
MYAA,https://cdn.7tv.app/emote/01F6NT56PR0003C6R1CKK4ZJFA/1x_static.png,0.7
Thinking,https://cdn.7tv.app/emote/01EZT9WTYR0002GHH6006GD23G/1x.png,0.0
pugPls,https://cdn.7tv.app/emote/01F6NWR8X80007X1R6PNS8GSXC/1x_static.png,0.7
Thinking2,https://cdn.7tv.app/emote/01EZT9X4Q80002GHH6006GD23H/1x.png,0.0
Ghost,https://cdn.7tv.app/emote/01GHRZNKG8000CMMVPKY84QCSW/1x_static.png,0.0
deadass,https://cdn.7tv.app/emote/01GAN2W85G000A5BXGY3W306GE/1x_static.png,-0.2
BOOBEST,https://cdn.7tv.app/emote/01F6N72ZBR000E0GG0PF8PM45K/1x_static.png,0.5
Waiting,https://cdn.7tv.app/emote/01G0BCRWHR000C5FHDE5QRH9ZH/1x.png,0.0
EDM,https://cdn.7tv.app/emote/01F6W1T7XR0002M7WQ84WYZ5HF/1x_static.png,0.7
Timeout,https://cdn.7tv.app/emote/01HAK105SR0004CB92YXKWM09Q/1x_static.png,-0.3
UltraMad,https://cdn.7tv.app/emote/01FRVJX8DG0002F97PTSA4WCZ8/1x.png,-0.8
Sure,https://cdn.7tv.app/emote/01GMTDJ83R000E68X75B8CJGAZ/1x_static.png,0.1
catDisco,https://cdn.7tv.app/emote/01F7A96T680001569Q2SWB43A0/1x_static.png,0.7
Gayge,https://cdn.7tv.app/emote/01F7RHVTD0000FYG2760F37EWP/1x.png,0.5
OMEGALULiguess,https://cdn.7tv.app/emote/01F5PF4XN000034VRANA2T586E/1x_static.png,0.2
Handshakege,https://cdn.7tv.app/emote/01FFN9VGY80000JT8GHDKHHYGN/1x.png,0.6
HYPERCLAP,https://cdn.7tv.app/emote/01F6MCJ5880009K1N00D4MGFX3/1x_static.png,0.8
Stronge,https://cdn.7tv.app/emote/01F5PYF08R0004R630K8ETN4R3/1x.png,0.6
peepoPat,https://cdn.7tv.app/emote/01F6N7ZY4000052X5637DG0KTC/1x_static.png,0.7
Shruge,https://cdn.7tv.app/emote/01FS4ZNPV00002F97PTSA4XW9N/1x.png,0.0
Jamgie,https://cdn.7tv.app/emote/01GAJBNT780004XAVG6P7AZAK2/1x_static.png,0.8
BUSSERS,https://cdn.7tv.app/emote/01GAM9C110000D2Y1HG0HWYBB0/1x_static.png,0.7
FeelsLateMan,https://cdn.7tv.app/emote/01F6NEYD8G000483T8C96JRTM0/1x_static.png,-0.3
catNope,https://cdn.7tv.app/emote/01FAT7Z95G00033EKAWRH9BK45/1x_static.png,-0.4
juh,https://cdn.7tv.app/emote/01H71GDB9G000D7KSF3J6CMMK4/1x_static.png,0.0
peepoSitHey,https://cdn.7tv.app/emote/01FESDTX6R000F3ZVN1YWV9X1Q/1x_static.png,0.6
PogO,https://cdn.7tv.app/emote/01F6ZGBH98000DP81XYZ6G9AZ9/1x.png,0.3
Modding,https://cdn.7tv.app/emote/01EZWTDC5R00012PTN006Q50RM/1x.png,0.2
MyHonestReaction,https://cdn.7tv.app/emote/01G3W3SZ3000086RK1WFRADV3X/1x_static.png,0.0
ThisIsFine,https://cdn.7tv.app/emote/01F777ZCRG0005BGS0Y3M78DZW/1x_static.png,-0.2
ppHop,https://cdn.7tv.app/emote/01F6M75JSG000AXRNAAMWD55RW/1x_static.png,0.6
WickedSteer,https://cdn.7tv.app/emote/01F6N729W8000E0GG0PF8PEJSX/1x_static.png,0.5
xar2EDM,https://cdn.7tv.app/emote/01F6N71JE8000EJ3T4BS1S7P88/1x_static.png,0.7
GAMING,https://cdn.7tv.app/emote/01F6MCQK2R0009K1N00D4MSTRV/1x_static.png,0.8
duckass,https://cdn.7tv.app/emote/01G60HMWHR0006Z5WTGWA796FS/1x_static.png,0.3
sumSmash,https://cdn.7tv.app/emote/01EZPHJ86R000C438200A44F1S/1x_static.png,-0.5
WatchingStream,https://cdn.7tv.app/emote/01F5PXJWVG00034VRANA2V6JJ5/1x.png,0.5
zyzzBass,https://cdn.7tv.app/emote/01F6M3YPSR000AXRNAAMW9C2DA/1x_static.png,0.7
catPunchU,https://cdn.7tv.app/emote/01FHZJ3XX8000EFPWVER1MD8PT/1x_static.png,-0.3
CatAHomie,https://cdn.7tv.app/emote/01F6X1FPK00000374S98X97XKC/1x_static.png,0.7
bla,https://cdn.7tv.app/emote/01HBVADK180003KFD14YHJ4PRZ/1x.png,0.0
Kapp,https://cdn.7tv.app/emote/01F00ZSP3R0007E4VV006YKSKH/1x.png,0.3
catRave,https://cdn.7tv.app/emote/01F72N1EV80002P1J129KCNG9E/1x_static.png,0.8
LICKA,https://cdn.7tv.app/emote/01FWKAN8AR0007HXQ5EXHFKEZJ/1x_static.png,0.3
sadCat,https://cdn.7tv.app/emote/01F78FJRDR000DQ10GPBSQPQFB/1x.png,-0.7
ono,https://cdn.7tv.app/emote/01H6HR1QGR000FMZQ9NVXJ2FSQ/1x_static.png,-0.3
:0,https://cdn.7tv.app/emote/01GNTJQ6KG000F4Q216SQ40KGY/1x.png,0.1
GoodMorning,https://cdn.7tv.app/emote/01F6MFEK8G0000WDA7ERTDTR9R/1x.png,0.7
pepeSadJam,https://cdn.7tv.app/emote/01F6Q6SZD80009K4HVQSZX258R/1x_static.png,-0.5
COGGERS,https://cdn.7tv.app/emote/01F6Q02C000009K4HVQSZJHD68/1x_static.png,0.7
Cinema,https://cdn.7tv.app/emote/01GBFDVP18000CRDCG0DV7KEMY/1x.png,0.5
WHOLETHIMCOOK,https://cdn.7tv.app/emote/01GPH01JMR00027RY0HK5QCQC0/1x.png,0.8
Sadeg,https://cdn.7tv.app/emote/01F124PFE80008S1RA006Y72VD/1x.png,-0.7
peepoBlanket,https://cdn.7tv.app/emote/01F6N1S0WG000FD8P3PCSBAWR1/1x.png,0.6
HARAM,https://cdn.7tv.app/emote/01EZPJ3948000C438200A44F2N/1x_static.png,-0.3
TeaTime,https://cdn.7tv.app/emote/01F6ME8MDG0005TFYTWP1H854D/1x_static.png,0.5
HAH,https://cdn.7tv.app/emote/01H1F4W6P80005BD0YVPMCDXGT/1x.png,0.4
Chadge,https://cdn.7tv.app/emote/01FSVYAQX0000651CCCG314YEB/1x.png,0.8
pepeDS,https://cdn.7tv.app/emote/01F5YCQGMR000ARAYB43QJ1ZCT/1x_static.png,0.7
FirstTimeChadder,https://cdn.7tv.app/emote/01HD4A2ZF80001XXDZ5G61G553/1x.png,0.6
ohno,https://cdn.7tv.app/emote/01GMGF31YG000D73CMS1MQPA41/1x_static.png,-0.4
GuitarTime,https://cdn.7tv.app/emote/01F6MDM7380000WDA7ERT6VTFQ/1x_static.png,0.6
CatTime,https://cdn.7tv.app/emote/01HQ5JDRX00000D7GK7EKR9N1Z/1x_static.png,0.5
MadgeLate,https://cdn.7tv.app/emote/01FSD181Q80009A2M92QGQ17CB/1x_static.png,-0.6
WeirdChamp,https://cdn.7tv.app/emote/01F6N782EG0008MBBZ0JRK1FEV/1x.png,-0.4
pepeJAMJAM,https://cdn.7tv.app/emote/01F6MXRSC00009HX192HR1XME9/1x_static.png,0.8
MEGALUL,https://cdn.7tv.app/emote/01F63S31Q0000C5JJ7RZAXMZR2/1x_static.png,0.5
owo,https://cdn.7tv.app/emote/01GZYHBC9G000255MQQ7PGMZ9K/1x.png,0.4
BRUH,https://cdn.7tv.app/emote/01F6MNCAHR0008DZ20TJ4E3TZS/1x.png,0.0
oh,https://cdn.7tv.app/emote/01HQ5S4MW80008FKJ26EWGDFW9/1x.png,0.0
eeeh,https://cdn.7tv.app/emote/01G7HSFDZ0000AFZYKYR8SRXBD/1x_static.png,-0.1
notListening,https://cdn.7tv.app/emote/01GHY2N21800025VZ4E5FVRZKW/1x_static.png,-0.3
OOOO,https://cdn.7tv.app/emote/01GB4PT9NG000DGEZ8VYY59RSM/1x_static.png,0.5
Vibe,https://cdn.7tv.app/emote/01FRTYR8RR0005FHRFCCZBSEKR/1x_static.png,0.8
PawgChamp,https://cdn.7tv.app/emote/01F1361WNG0009V7MP006J8KWG/1x_static.png,0.6
PANIC,https://cdn.7tv.app/emote/01F6N0TT30000FD8P3PCS7ZWTZ/1x_static.png,-0.6
Applecatrun,https://cdn.7tv.app/emote/01F2ZW4NY0000DSBG200DM9SG2/1x_static.png,0.7
catWait,https://cdn.7tv.app/emote/01GTD091B8000EBPCJBPM151DA/1x_static.png,0.2
HAHAHA,https://cdn.7tv.app/emote/01F6QA9RJ000015Y8FNQBDBNQ4/1x_static.png,0.8
monkaOMEGA,https://cdn.7tv.app/emote/01F00Z70ER0007E4VV006YKSKB/1x.png,-0.7
slayyy,https://cdn.7tv.app/emote/01GW1H21F00003PARJZCKDGSZY/1x.png,0.8
PeepoNoob,https://cdn.7tv.app/emote/01F6XZ1G700002R7R2A7Z4ZYW1/1x_static.png,0.3
SALAMI,https://cdn.7tv.app/emote/01GG2XJ5M0000EMFPWBEBESGA2/1x_static.png,0.4
GAMBA,https://cdn.7tv.app/emote/01FJT4HEXG000FZHS49NWQT5DZ/1x_static.png,0.5
wuh,https://cdn.7tv.app/emote/01GV56F8QR0006FW5TVZVMFVWE/1x_static.png,-0.1
Loading,https://cdn.7tv.app/emote/01F79MHTTG0005BGS0Y3M0BNNS/1x_static.png,0.0
LULW,https://cdn.7tv.app/emote/01F22WE74G000F9Q0G00A2DE8N/1x.png,0.6
peepoToxic,https://cdn.7tv.app/emote/01F77EDY4G000D25DGAC8ZM5W8/1x_static.png,-0.6
tuckk,https://cdn.7tv.app/emote/01GK5ZC5A800038S12A0X2H2TY/1x_static.png,0.5
Sippin,https://cdn.7tv.app/emote/01GAHPVTPG00097G249C9HFBEA/1x_static.png,0.4
LETSGOOO,https://cdn.7tv.app/emote/01F7HHEMHR000EMPHK5YSZVM79/1x_static.png,0.9
docPls,https://cdn.7tv.app/emote/01F027S4G00001TJB3006SVBHP/1x_static.png,0.6
TriDance,https://cdn.7tv.app/emote/01F62P0KR0000AE7CZT4844ZMV/1x_static.png,0.7
WeirdChamping,https://cdn.7tv.app/emote/01EZPNFF1G0002RYT500A3PHP3/1x_static.png,-0.4
PepegaChat,https://cdn.7tv.app/emote/01FG035X800004BM088TM6XFA7/1x_static.png,-0.2
WEEBSDETECTED,https://cdn.7tv.app/emote/01FM5HXEMR000D6HG894PC58WK/1x_static.png,-0.1
monkaLaugh,https://cdn.7tv.app/emote/01F6M8NKX00002B6P5MWZ2QZSX/1x.png,-0.3
Pepepains,https://cdn.7tv.app/emote/01EZPKD12800077NX500A43YDM/1x.png,-0.6
British,https://cdn.7tv.app/emote/01F71DN0VR0001G6FGBXSMY13C/1x_static.png,0.2
YAAAY,https://cdn.7tv.app/emote/01F6QHMN58000F81D52Z01YBEZ/1x_static.png,0.9
happi,https://cdn.7tv.app/emote/01H07F15D00002ETD2HQRT8J3Z/1x_static.png,0.8
catPls,https://cdn.7tv.app/emote/01G3BNV55000068RCV6YVN340R/1x_static.png,0.7
DANKIES,https://cdn.7tv.app/emote/01F2ZW54JR000DSBG200DM9SG4/1x_static.png,0.6
vibee,https://cdn.7tv.app/emote/01GQM29WZG000145YX66WQVSS4/1x_static.png,0.8
TriKool,https://cdn.7tv.app/emote/01EZPH3FHR000C438200A44F11/1x_static.png,0.7
Sussy,https://cdn.7tv.app/emote/01F778KGA80005TDSTZFB2V45J/1x_static.png,0.2
pedro,https://cdn.7tv.app/emote/01HTZ8GEWR0007838DQ0AM7RA2/1x_static.png,0.4
heyy,https://cdn.7tv.app/emote/01FN25QCP000071FCSB63SB4G4/1x.png,0.7
frenn,https://cdn.7tv.app/emote/01FQN716Q00001SJ04CBQJT3Z8/1x.png,0.6
pepeS,https://cdn.7tv.app/emote/01F010GZ7G0007E4VV006YKSKQ/1x_static.png,0.5
peepoWTF,https://cdn.7tv.app/emote/01F6M74AR80002B6P5MWZFN3E0/1x.png,-0.3
Concerned,https://cdn.7tv.app/emote/01G55AX00R000B2BBGEQH5KW8K/1x.png,-0.2
Hmmm,https://cdn.7tv.app/emote/01F6MCJXNG0005TFYTWP1V6W22/1x.png,0.0
lurkk,https://cdn.7tv.app/emote/01FY4SAKPG0002SF3Y8QACNGMF/1x.png,0.1
MONKA,https://cdn.7tv.app/emote/01H876RPX8000918ZGPJMBHB7Z/1x.png,-0.4
ALOO,https://cdn.7tv.app/emote/01GDH62MS80008084W9W7X7HTA/1x.png,0.5
pepeBASS,https://cdn.7tv.app/emote/01F6Q7D0S80001K6WGNZJBQNC1/1x_static.png,0.6
monkaBAN,https://cdn.7tv.app/emote/01F6YKTR9R000AWTYY091G43FS/1x_static.png,-0.5
bongoTap,https://cdn.7tv.app/emote/01F6QAP60R000EQZ7QARQ19V9D/1x_static.png,0.6
NONONONONO,https://cdn.7tv.app/emote/01GHXVRMAG0005Y8ES8Y9M6EBV/1x_static.png,-0.7
NOIDONTTHINKSO,https://cdn.7tv.app/emote/01F6JYT7HR000CE64F7FH369B6/1x_static.png,-0.3
PepegaGun,https://cdn.7tv.app/emote/01F6Q7P0W0000A6S4F82D5TD55/1x_static.png,-0.4
peepoGlad,https://cdn.7tv.app/emote/01EZQGXQH80006H87W006ZVPGT/1x.png,0.8
catBlush,https://cdn.7tv.app/emote/01F6ZMGM2G000A63TGZWCPNF0V/1x.png,0.7
NOWAY,https://cdn.7tv.app/emote/01G8988PJ00003NSZ1HDHK6H6Q/1x.png,-0.3
Looking,https://cdn.7tv.app/emote/01FNCFXWKR000FZADBM40VP6ZW/1x.png,0.2
:b,https://cdn.7tv.app/emote/01H212CQY8000D9DEP10Z93JA9/1x.png,0.5
PogTasty,https://cdn.7tv.app/emote/01F6T6GJB0000DDVB8PWZQ53NQ/1x_static.png,0.8
Skateparkge,https://cdn.7tv.app/emote/01GMKPJQJR0008GS0R6JQ1670A/1x_static.png,0.5
dogJAM,https://cdn.7tv.app/emote/01F6V6J1RR0002K1FKHYTCPHF4/1x_static.png,0.7
LUBBERS,https://cdn.7tv.app/emote/01FS112YT80005FHRFCCZBTWPB/1x_static.png,0.6
PETTHEPEEPO,https://cdn.7tv.app/emote/01F6NHR88G000AAS5FM9Q407NB/1x_static.png,0.8
Shiza,https://cdn.7tv.app/emote/01G3XH6QC00000CYEX22PC5CS6/1x_static.png,-0.2
plonk,https://cdn.7tv.app/emote/01GQQVG4G0000CTR8XP5RQPGGF/1x_static.png,0.3
NoThanks,https://cdn.7tv.app/emote/01EZZC441R000CYST6006V20TM/1x.png,-0.4
okok,https://cdn.7tv.app/emote/01FPQXKA3800054ET7GQBW44J9/1x_static.png,0.2
catSmash,https://cdn.7tv.app/emote/01F9VH3F5800015DG7V5GGNBZH/1x_static.png,-0.6
OuttaPocket,https://cdn.7tv.app/emote/01FPADTQ7R0001BCZZ99DVKQHC/1x_static.png,-0.3
BongoCat,https://cdn.7tv.app/emote/01F73SYFT8000EAPG86BYDXPH4/1x_static.png,0.7
lol,https://cdn.7tv.app/emote/01F5PCRCE0000BAN36SW3MYWMV/1x_static.png,0.5
Modge,https://cdn.7tv.app/emote/01F6NST938000898NRWSAGV878/1x_static.png,0.2
FirstTimeChatter,https://cdn.7tv.app/emote/01HCT0SN4G00028NJW3M73H7NW/1x_static.png,0.3
PepeCringe,https://cdn.7tv.app/emote/01F6QWPFDR0004V0XPDH23ZHRT/1x.png,-0.5
WeSmart,https://cdn.7tv.app/emote/01F6N7HM3R0006SZ7ZW5FKZCXV/1x_static.png,0.6
glizzyL,https://cdn.7tv.app/emote/01F6TYHQM000021D1JJ0XDE4MT/1x_static.png,0.3
AYOO,https://cdn.7tv.app/emote/01F9JATJB0000E0F0BJY6NY0W6/1x_static.png,0.4
peepoShrug,https://cdn.7tv.app/emote/01FBPKRJA800009CEJWPSC9Y52/1x.png,0.1
NoBitches,https://cdn.7tv.app/emote/01FT8MZ1ER0001606GRRVVJFA5/1x.png,-0.3
BLUBBERS,https://cdn.7tv.app/emote/01GFP0NQRR0000G74DCPERWQHB/1x_static.png,0.6
PepeClown,https://cdn.7tv.app/emote/01F6TACP0R000DPR0V9B4ETY8P/1x.png,-0.1
BlessRNG,https://cdn.7tv.app/emote/01EZPN2VQ800077NX500A43YFF/1x_static.png,0.7
BONKTHEMODS,https://cdn.7tv.app/emote/01F71TBBSG000DNB9RV7R83JG9/1x_static.png,-0.2
ModTime,https://cdn.7tv.app/emote/01F6NG7CS800074ACRXFJ2D2WB/1x_static.png,0.3
cowJAM,https://cdn.7tv.app/emote/01F6PDB65G0009HVYB9XMW76QK/1x_static.png,0.7
fricc,https://cdn.7tv.app/emote/01GHJC52QG000331BEKHKK9RPV/1x.png,-0.2
ElNoSabe,https://cdn.7tv.app/emote/01F181W75G000BN42J006MA1JN/1x_static.png,0.0
hugg,https://cdn.7tv.app/emote/01GSFSNP68000FQDY745MP146Q/1x.png,0.8
3Heading,https://cdn.7tv.app/emote/01F6NADFJ800052X5637DHGMFF/1x_static.png,0.3
nope,https://cdn.7tv.app/emote/01GBDARRVR000A7A9GFNN0CC8S/1x_static.png,-0.4
spongePls,https://cdn.7tv.app/emote/01F6N14GMG000AR0YATR3RKYTC/1x_static.png,0.7
forsenCD,https://cdn.7tv.app/emote/01EZPRG5RR0002RYT500A3PHPQ/1x.png,0.3
papa,https://cdn.7tv.app/emote/01FPQXMF6R0008ZYPTDH5TZB78/1x_static.png,0.5
yo,https://cdn.7tv.app/emote/01GXPNWJW80008EAPET3KXF8MF/1x_static.png,0.4
headBang,https://cdn.7tv.app/emote/01F6ME9WER0005TFYTWP1H90T8/1x_static.png,0.6
WalterVibe,https://cdn.7tv.app/emote/01GCJ4R1WG000D8ZK13J8KV4YE/1x_static.png,0.8
spilledGlue,https://cdn.7tv.app/emote/01F5PCPZGG000BAN36SW3MYV3R/1x_static.png,0.2
PepegaBlind,https://cdn.7tv.app/emote/01F6MXAFBR0003R9X8PYEAY2NP/1x.png,-0.2
catErm,https://cdn.7tv.app/emote/01GJ5JDNF8000DME7NTZSXDMYV/1x_static.png,0.0
peepoCute,https://cdn.7tv.app/emote/01FAYB0JQ0000EAYZC08B6F5N5/1x.png,0.9
SAJ,https://cdn.7tv.app/emote/01FK4ZFNDR000CCCJ7DMGD0H94/1x.png,-0.3
Bussin,https://cdn.7tv.app/emote/01GFRG067R000DQSEG934QMZ0C/1x_static.png,0.7
BLEHHHH,https://cdn.7tv.app/emote/01GBK572QR0005G72DGRQFK0BM/1x.png,-0.3
scrajj,https://cdn.7tv.app/emote/01GPTVQW2R0009D8SP1972BHAE/1x_static.png,0.1
MEOWDY,https://cdn.7tv.app/emote/01GRVS41CG00082PQC6WGB5Q5X/1x_static.png,0.6
suetolog,https://cdn.7tv.app/emote/01G3E8EC580004KFXXGTW7QDKM/1x_static.png,0.3
widepeepoSad,https://cdn.7tv.app/emote/01F6MWNEGG0004P7N4A9PS53Q5/1x.png,-0.8
ddx,https://cdn.7tv.app/emote/01GA91NM0R000ARPKRMEEMJFJM/1x.png,0.5
WideHardo,https://cdn.7tv.app/emote/01F0170BYG0007E4VV006YKSMD/1x.png,0.6
Thinkge,https://cdn.7tv.app/emote/01F6W9KDJ00007WR3JGSXZVR14/1x_static.png,0.0
gettingSturdy,https://cdn.7tv.app/emote/01FH0W6HH800096T3FQZKZQWTD/1x_static.png,0.7
FIRE,https://cdn.7tv.app/emote/01F7VQR9BR00012GPWP0G6X5NF/1x_static.png,0.8
RapThis,https://cdn.7tv.app/emote/01F6N6MBK000052X5637DPQTKP/1x_static.png,0.5
owoCheer,https://cdn.7tv.app/emote/01H4WW9G4R000CFM42WXQQ4M5E/1x_static.png,0.8
Headbang,https://cdn.7tv.app/emote/01G611X31800020B4JB4BJGS5N/1x_static.png,0.7
MmmHmm,https://cdn.7tv.app/emote/01F6NMKC90000BEKN8ZXWG38FX/1x_static.png,0.2
INSANECAT,https://cdn.7tv.app/emote/01FE9ZEQ3R000518RJG2G6XK2G/1x_static.png,-0.4
uwu,https://cdn.7tv.app/emote/01F7P0RPER000F5SMXK6KMCGBT/1x.png,0.7
HmmNotes,https://cdn.7tv.app/emote/01F9G1PCK8000E0F0BJY6G445F/1x_static.png,0.3
mwah,https://cdn.7tv.app/emote/01F6Q9SWR000015Y8FNQBCEKJY/1x_static.png,0.8
rar,https://cdn.7tv.app/emote/01HE94H42R0009HRSVCJR4D226/1x_static.png,0.1
eepy,https://cdn.7tv.app/emote/01GP24H6T80007CK0HAA57X3QB/1x_static.png,0.2
PEEPEES,https://cdn.7tv.app/emote/01F60Q1HAG0008KDXA2TJRZ3MG/1x_static.png,0.4
Porvalo,https://cdn.7tv.app/emote/01F6Q65TW80005589X3BDHM41C/1x_static.png,0.3
pepeAgony,https://cdn.7tv.app/emote/01F6Q8JVQ800061RJDY0D7N96T/1x_static.png,-0.8
LULE,https://cdn.7tv.app/emote/01F124V4VG0008S1RA006Y72VF/1x.png,0.6
ppPoof,https://cdn.7tv.app/emote/01EZY9J3F8000CYST6006V20TE/1x_static.png,0.3
CoffeeTime,https://cdn.7tv.app/emote/01F6MT69A000081QB8KK3R9AKM/1x_static.png,0.5
EARTHQUAKE,https://cdn.7tv.app/emote/01GM79B710000AA92QX5F4SV3F/1x.png,-0.3
peepoFlower,https://cdn.7tv.app/emote/01F6VB74900002K1FKHYTFQYXA/1x.png,0.8
monkaX,https://cdn.7tv.app/emote/01F6NMW2K80007X1R6PNS19MNJ/1x_static.png,-0.6
sus,https://cdn.7tv.app/emote/01HEKHE1MG0006REJ2K5EAP1N2/1x.png,0.1
YOURMOM,https://cdn.7tv.app/emote/01F6N07FXR0003R9X8PYE7PS2W/1x_static.png,0.0
sitt,https://cdn.7tv.app/emote/01G49GN1RG000FEPKKNQYW5AJR/1x.png,0.4
dankHug,https://cdn.7tv.app/emote/01EZTAKBN80002GHH6006GD246/1x.png,0.7
smh,https://cdn.7tv.app/emote/01F6R50PYR0004V0XPDH2CKXCH/1x_static.png,-0.2
where,https://cdn.7tv.app/emote/01GR7R0H9G000FEKDNHQTECH62/1x_static.png,0.0
frfr,https://cdn.7tv.app/emote/01GEAENXJG000CYZNMHH776AE7/1x.png,0.5
oopsie,https://cdn.7tv.app/emote/01H1QP99CR00080K50KTZJ6BGC/1x.png,-0.1
sajj,https://cdn.7tv.app/emote/01FB84VPK80001AXCAFYDF3ZHT/1x.png,-0.4
NAILS,https://cdn.7tv.app/emote/01GRKSG9E000091TEC1A28HSM5/1x.png,0.3
elmoFire,https://cdn.7tv.app/emote/01F78HJQ9R00048MXDYPQ698QH/1x_static.png,0.5
catJAMPARTY,https://cdn.7tv.app/emote/01GCRWGH800001JG7Q2FV7TZV0/1x_static.png,0.9
NoNo,https://cdn.7tv.app/emote/01F7SB5JGG000A21NPAYNRN30V/1x_static.png,-0.5
Flushed,https://cdn.7tv.app/emote/01F9PJZ3GR000FDKMANSAFQ3S6/1x.png,0.2
noonecares,https://cdn.7tv.app/emote/01GDGJQ0N80008084W9W7X7FAF/1x_static.png,-0.5
owoUwu,https://cdn.7tv.app/emote/01F6QVQE8G0004V0XPDH22TWZS/1x_static.png,0.6
peepoJail,https://cdn.7tv.app/emote/01F6R7M1YG000ATZXMPM5V0YBM/1x_static.png,-0.3
BocchiPossessed,https://cdn.7tv.app/emote/01GHG2STDR000CPQWQYZXJY7ZT/1x_static.png,-0.2
glorp,https://cdn.7tv.app/emote/01H16FA16G0005EZED5J0EY7KN/1x.png,0.1
Binoculous,https://cdn.7tv.app/emote/01GMJVSDZR000ATFS8955NY6KW/1x_static.png,0.3
peepoCozy,https://cdn.7tv.app/emote/01F6RBZJSG0006GRP49Q72VRVF/1x.png,0.8
OMEGADANCE,https://cdn.7tv.app/emote/01F61A5FBG000991F7SWQNMCG6/1x_static.png,0.9
THEVOICES,https://cdn.7tv.app/emote/01FRRQZZQR0005FHRFCCZBS2V0/1x_static.png,-0.7
monkaGun,https://cdn.7tv.app/emote/01EZPHS9SG000C438200A44F21/1x_static.png,-0.7
pogg,https://cdn.7tv.app/emote/01FGGBP95000064MEQW00DN8YA/1x.png,0.8
widetime,https://cdn.7tv.app/emote/01HRTCQ67G0002CEEGWVSC44EJ/1x_static.png,0.4
om,https://cdn.7tv.app/emote/01FET023A8000C9XXF2H0G0AQF/1x_static.png,0.2
MyExistenceIsNothingButAGrainOfSandComparedToTheEntireScaleOfTheUniverse,https://cdn.7tv.app/emote/01GV09RA78000CGWVNBSKSX33Q/1x_static.png,-0.3
nyanPls,https://cdn.7tv.app/emote/01F6AM9KH80009TPCEMWQTMASX/1x_static.png,0.7
SaguiPls,https://cdn.7tv.app/emote/01GHMH2C28000BCSECMMH7M0TD/1x_static.png,0.6
peepoBox,https://cdn.7tv.app/emote/01F6XZKM9G0002R7R2A7Z5HQ6T/1x_static.png,0.3
duh,https://cdn.7tv.app/emote/01GSXCB5PR0000B2571TD8TVD8/1x_static.png,-0.1
BRUHMM,https://cdn.7tv.app/emote/01F5Y7878R000ARAYB43QGP5SQ/1x_static.png,0.0
Copege,https://cdn.7tv.app/emote/01G3M2P708000CWBFS5PAP8T73/1x_static.png,-0.2
PepegaCredit,https://cdn.7tv.app/emote/01F6Q8S2Y80009K4HVQSZG2X4H/1x_static.png,-0.3
peepoFeet,https://cdn.7tv.app/emote/01FFK007Y80000JT8GHDKHHQK6/1x_static.png,0.2
Nessie,https://cdn.7tv.app/emote/01GYZYJERG00000BS31E2F6FND/1x_static.png,0.6
Comfi,https://cdn.7tv.app/emote/01FQYKWTPG0001563XCKBAXBHX/1x.png,0.7
peepoShake,https://cdn.7tv.app/emote/01F6N2WXAG0009HX192HR8TS0P/1x_static.png,0.4
streamOffline,https://cdn.7tv.app/emote/01GCX2ZKFR00025S661HMXB1Y7/1x_static.png,-0.2
BeerTime,https://cdn.7tv.app/emote/01F6N55CN80003R9X8PYE3WSQS/1x_static.png,0.5
BoneZone,https://cdn.7tv.app/emote/01F6NTJV7G000AAS5FM9Q5MQVV/1x_static.png,0.4
peepoTrip,https://cdn.7tv.app/emote/01F6VD7XGR000BKBXQRH8PWX6M/1x_static.png,0.3
lookUp,https://cdn.7tv.app/emote/01FFRN3K3R0009CAK0J1469HYB/1x.png,0.1
PianoTime,https://cdn.7tv.app/emote/01EZY9HFY8000CYST6006V20TD/1x_static.png,0.6
peepoAds,https://cdn.7tv.app/emote/01GAJBRE6R000BP99NZJ8FGRZ1/1x_static.png,-0.3
muh,https://cdn.7tv.app/emote/01GWSGBQ7R0008X0SB6ANMACKG/1x_static.png,-0.1
iLOVEyou,https://cdn.7tv.app/emote/01F6Q08WZG0001K6WGNZJFDCB0/1x_static.png,0.9
:D,https://cdn.7tv.app/emote/01F6RQ3JCR000ATZXMPM5NBZEN/1x.png,0.8
ChipiChapa,https://cdn.7tv.app/emote/01HH85YBA0000B2GQNSE7J2NVY/1x_static.png,0.7
Stare,https://cdn.7tv.app/emote/01FA0WRBM0000AD7Y8T9ZJEDXQ/1x.png,0.0
BONKTHESTREAMER,https://cdn.7tv.app/emote/01FAH3YB2R0007R9RAKNBCQEGQ/1x_static.png,-0.3
ddHuh,https://cdn.7tv.app/emote/01F6NTMGY8000B70V1XA8KKKNM/1x_static.png,0.1
HOLY,https://cdn.7tv.app/emote/01GFW1BAK80001VXKTCH0VEANC/1x.png,0.7
Jammies,https://cdn.7tv.app/emote/01GB5S18QG00090V9B3D8CGHNG/1x_static.png,0.8
guraWave,https://cdn.7tv.app/emote/01F6N5TY3R000255K4X1KBKV5P/1x_static.png,0.7
docSpin,https://cdn.7tv.app/emote/01EZPMWPER00077NX500A43YF8/1x_static.png,0.6
tenseSmash,https://cdn.7tv.app/emote/01F6MZ4QM0000255K4X1K5VKHZ/1x_static.png,-0.4
peepoHug,https://cdn.7tv.app/emote/01GKC1A90R000DNQJZSNHW7SQA/1x_static.png,0.9
AlienGathering,https://cdn.7tv.app/emote/01F6MN60D00008DZ20TJ4D1CS4/1x_static.png,0.5
PartyPls,https://cdn.7tv.app/emote/01H4HX3GX8000AD0ZSNEJNWSP8/1x_static.png,0.8
xpp,https://cdn.7tv.app/emote/01GB3PQ1K8000CW87FDNNPRBZG/1x.png,0.6
forsenCoomer,https://cdn.7tv.app/emote/01F12DF3X80009V7MP006J8KQM/1x_static.png,0.4
PepoThink,https://cdn.7tv.app/emote/01F6NPMV080007X1R6PNS7N01C/1x.png,0.1
KKool,https://cdn.7tv.app/emote/01F6M8D2F0000B5V5G2M2ZSHC6/1x_static.png,0.6
mods,https://cdn.7tv.app/emote/01GNDQAB700007ZS3YJA73WVT4/1x_static.png,0.2
HECOOKED,https://cdn.7tv.app/emote/01GPHW2CWG000E1TY1GWRPM8TV/1x_static.png,0.5
WAJAJA,https://cdn.7tv.app/emote/01GYREQH3G00014254X4ET60D9/1x.png,0.6
ppConga,https://cdn.7tv.app/emote/01F6PBFVQG0005F831QFQMCK0R/1x_static.png,0.7
sad,https://cdn.7tv.app/emote/01G5VJHCT8000C9678DTQNX43R/1x_static.png,-0.7
TOOBASED,https://cdn.7tv.app/emote/01EZPKJHTG00077NX500A43YE5/1x.png,0.7
peepoEvil,https://cdn.7tv.app/emote/01F9Q7GMH8000AJG70JGMA4EQ5/1x_static.png,-0.4
ppParty,https://cdn.7tv.app/emote/01F5PEN1V00004R630K8ESMV5Y/1x_static.png,0.8
dejj,https://cdn.7tv.app/emote/01FSQPJ6GG00038GDBZ91HTH39/1x.png,0.0
imNOTcrying,https://cdn.7tv.app/emote/01GHQ9FYY8000A4BTSHDYK8Z2H/1x_static.png,-0.6
meandyou,https://cdn.7tv.app/emote/01GNN1J9AR0000HECQDPP1DYF3/1x.png,0.7
wtfwtfwtf,https://cdn.7tv.app/emote/01H64KE6E8000FPP0WMKJD46HZ/1x_static.png,-0.5
YouGotMe,https://cdn.7tv.app/emote/01GWRQE1V8000B39C6M3T9KH7X/1x_static.png,0.4
nowoted,https://cdn.7tv.app/emote/01H879FJ6R0005HY5BSCSFHSV0/1x_static.png,-0.3
Tomfoolery,https://cdn.7tv.app/emote/01F71JRYYR0007SQ1FTSAZ7RCV/1x.png,0.3
joever,https://cdn.7tv.app/emote/01GDEGF4Q80006HHND776VG224/1x.png,-0.5
OkaygeBusiness,https://cdn.7tv.app/emote/01F763M35R000D25DGAC8KB2K7/1x.png,0.2
ta,https://cdn.7tv.app/emote/01FV9XV7Y000098N6AC0HHB953/1x.png,0.4
STONKS,https://cdn.7tv.app/emote/01F6Q37ZYG000A6S4F82DF5PRF/1x.png,0.7
pepeLost,https://cdn.7tv.app/emote/01F6P9RP3G0005F831QFQJJKGQ/1x.png,-0.5
WeirdCat,https://cdn.7tv.app/emote/01F7CGMNN00003YNQMN0HNV5RW/1x.png,-0.2
gachiW,https://cdn.7tv.app/emote/01F00ZP4TR0007E4VV006YKSKG/1x_static.png,0.6
SadChamp,https://cdn.7tv.app/emote/01FKYTNDN00004X8QJ9S80KK9A/1x_static.png,-0.7
GameplayTime,https://cdn.7tv.app/emote/01F6ZDHV5G000B1SQ2PEJZGBE7/1x_static.png,0.5
poroPls,https://cdn.7tv.app/emote/01FSJ0HVKG0001Z3WXBKV36R0Z/1x_static.png,0.6
WeirdDude,https://cdn.7tv.app/emote/01F6MV4J20000255K4X1KA3GB8/1x.png,-0.3
UwU,https://cdn.7tv.app/emote/01FJQ8NJR0000FZHS49NWQSWFP/1x.png,0.7
KEKwAIT,https://cdn.7tv.app/emote/01FBS1Q9C00004VT7Q591DMKDR/1x_static.png,0.3
PausersHype,https://cdn.7tv.app/emote/01GZY2S1E8000D7D15DR9DGCWT/1x_static.png,0.6
LoveMods,https://cdn.7tv.app/emote/01F9KCGT80000DTTM11QAAV9H1/1x_static.png,0.7
KEKVibe,https://cdn.7tv.app/emote/01GJAHKDF8000DFBSH5J7K45B8/1x_static.png,0.6
SpeedR,https://cdn.7tv.app/emote/01F6T1ZCTR00082JCM7Y3TNPKG/1x_static.png,0.5
peepoRain,https://cdn.7tv.app/emote/01F623JTPG0007YWX0KMRQG4JW/1x_static.png,0.2
OMEGADANCEBUTFAST,https://cdn.7tv.app/emote/01F6MM8D4G00012ZP6HJJF1N1B/1x_static.png,0.9
BANNED,https://cdn.7tv.app/emote/01F78H3SRG0001Q55TEC9ZHQ18/1x_static.png,-0.5
KKonaW,https://cdn.7tv.app/emote/01F6MCCGK00005TFYTWP1TRVA3/1x.png,0.3
ahmadmuhsin,https://cdn.7tv.app/emote/01HC0K8DN800010Z57ZSET2NT1/1x_static.png,0.2
KKomrade,https://cdn.7tv.app/emote/01EZPJB06G000C438200A44F35/1x.png,0.4
Plotge,https://cdn.7tv.app/emote/01FY7MJN3G000FWWXFD46PAVNC/1x_static.png,0.2
HYDRATE,https://cdn.7tv.app/emote/01GDGK0S58000CF58E0FY6XT15/1x_static.png,0.5
FrogDance,https://cdn.7tv.app/emote/01F6TDN2V0000E7TRSM97WER0J/1x_static.png,0.8
majj,https://cdn.7tv.app/emote/01FEWM8MX0000BNXV1YQAFTVN1/1x.png,-0.1
Homi,https://cdn.7tv.app/emote/01F6WQ5H5800040YPQTKMJFNWR/1x.png,0.5
JustAnotherDay,https://cdn.7tv.app/emote/01G7RPTSY00003P60HPZKBDE31/1x_static.png,0.0
peepoS,https://cdn.7tv.app/emote/01F5PA6DCG00034VRANA2SYMTF/1x_static.png,0.3
SadCatThumbsUp,https://cdn.7tv.app/emote/01FB2DXY9800033EKAWRH7Q9QR/1x.png,-0.4
BOOMIES,https://cdn.7tv.app/emote/01F6WJVC8G0006Z93CX8Y8EWNB/1x_static.png,0.6
crabPls,https://cdn.7tv.app/emote/01F6Q9VS9G0009K4HVQSZHP34K/1x_static.png,0.7
peepoIgnore,https://cdn.7tv.app/emote/01F6NF4BP800074ACRXFJD42VJ/1x.png,-0.3
PepegaDriving,https://cdn.7tv.app/emote/01F6Q7HGB00005589X3BDKV09N/1x_static.png,0.4
VeryBased,https://cdn.7tv.app/emote/01F6JBJ4PR000FY32H4AKWNBVB/1x_static.png,0.8
arnoldHalt,https://cdn.7tv.app/emote/01EZPK39HG00077NX500A43YDD/1x.png,0.1
alowo,https://cdn.7tv.app/emote/01H7AXNHM0000466AJ0H5AD484/1x_static.png,0.6
paidchatter,https://cdn.7tv.app/emote/01HFBXR8GG0003CV8WEE0DKACP/1x.png,0.3
wtf,https://cdn.7tv.app/emote/01G1N8W84800087QC0373CF714/1x_static.png,-0.2
LookingSussy,https://cdn.7tv.app/emote/01FFZ9NE9G0003V31D4DMQN5YQ/1x_static.png,0.2
bitrate,https://cdn.7tv.app/emote/01GQ4METQR000ERT2YB38Q4X3P/1x_static.png,0.0
peepoLurk,https://cdn.7tv.app/emote/01F6Q1RDFR000A6S4F82DCS05E/1x_static.png,0.3
MHMM,https://cdn.7tv.app/emote/01F6N714RR000DJW55Q77TS89V/1x.png,0.2
mlem,https://cdn.7tv.app/emote/01GQZRVJ00000397W1Q884ABYX/1x_static.png,0.6
GotCaughtTrolling,https://cdn.7tv.app/emote/01F6N40D28000FD8P3PCS8JPBM/1x_static.png,-0.2
nise,https://cdn.7tv.app/emote/01GM8GEJ000000Z7XNKE4SJ1Q3/1x.png,0.5
Pointless,https://cdn.7tv.app/emote/01GWXY9H48000CAAEBP2XKP65M/1x.png,-0.2
peepoBlushShake,https://cdn.7tv.app/emote/01FGPRFBCR00021TQRJX35NG4D/1x_static.png,0.7
KEKWiggle,https://cdn.7tv.app/emote/01F7RKKY9R000FYG2760F8C3G9/1x_static.png,0.6
hackerCD,https://cdn.7tv.app/emote/01EZPNSFBG0002RYT500A3PHP5/1x_static.png,0.4
NOSHOT,https://cdn.7tv.app/emote/01H4YFNHGR0009CXEHWH3RD73Z/1x_static.png,-0.3
Erm,https://cdn.7tv.app/emote/01GNG5CGM000043VNACR8SMB6D/1x_static.png,0.0
hmm,https://cdn.7tv.app/emote/01G357WCVG0004JR3T5PESQKYQ/1x_static.png,0.0
stripp,https://cdn.7tv.app/emote/01H2HG08HR00032QRGD5YJ130M/1x_static.png,0.3
xd,https://cdn.7tv.app/emote/01F38SGEQG000AG1XYT03162S8/1x_static.png,0.5
Smadging,https://cdn.7tv.app/emote/01FMJSR5FG000D6HG894PC6VQP/1x_static.png,-0.5
pepeL,https://cdn.7tv.app/emote/01F6MQJ200000DHPCTKKW5QN09/1x_static.png,0.4
Dentge,https://cdn.7tv.app/emote/01G18VSZHG0000B31NY2K6DADK/1x.png,-0.4
raid,https://cdn.7tv.app/emote/01HBNMEYT8000DHXYR814CVZA3/1x_static.png,0.6
xddShrug,https://cdn.7tv.app/emote/01GPQJ1NKR000BGP5H3DVAPXAN/1x.png,0.3
nolook,https://cdn.7tv.app/emote/01GP1QTYT8000CAXSPZV02Z4V3/1x.png,0.2
WideBoris,https://cdn.7tv.app/emote/01GGHQ9CB80001B75AZWC2FNCN/1x_static.png,0.5
Sisi,https://cdn.7tv.app/emote/01FY879AAR00057GR8729P7NMA/1x_static.png,0.4
TouchGrass,https://cdn.7tv.app/emote/01FBDBQQER0003NJSBX91JG68D/1x_static.png,0.3
awaree,https://cdn.7tv.app/emote/01GDEGQX0000040R363PNZ52SA/1x_static.png,-0.1
SpeedL,https://cdn.7tv.app/emote/01F6T1YX6R00082JCM7Y3TNBPS/1x_static.png,0.5
peepoHappy,https://cdn.7tv.app/emote/01F6RC8C1G0003SBEQ3QZTEE99/1x.png,0.9
Streaming,https://cdn.7tv.app/emote/01FTKSASC80004Z31N7KWZQQJ3/1x_static.png,0.4
waa,https://cdn.7tv.app/emote/01H95W6VZG0002N5DC3EK2095J/1x_static.png,-0.3
PagBounce,https://cdn.7tv.app/emote/01G3KYTKXR000ET2J0MQP5Y06S/1x_static.png,0.7
doggoArrive,https://cdn.7tv.app/emote/01F762Q0GG0001Q55TEC9WHV6N/1x_static.png,0.7
Milk,https://cdn.7tv.app/emote/01FFQAR6280009CAK0J1469C6W/1x_static.png,0.3
BUSSIN,https://cdn.7tv.app/emote/01F9B2RQCG0006G7JKWSYGMGSD/1x_static.png,0.8
Lamonting,https://cdn.7tv.app/emote/01F6MDR4380000WDA7ERT7KZ43/1x_static.png,0.6
catsittingverycomfortable,https://cdn.7tv.app/emote/01FY83EHM0000B3B1F2P48BYV6/1x.png,0.8
DrumTime,https://cdn.7tv.app/emote/01F6MKBDD00009C9ZSNZTDTB9A/1x_static.png,0.6
forsenLaughingAtYou,https://cdn.7tv.app/emote/01FAPWYY280007NZXXVZKH6RFD/1x_static.png,-0.3
Lovegers,https://cdn.7tv.app/emote/01G5F9YYRR000F7K35RQS227R7/1x_static.png,0.8
pleep,https://cdn.7tv.app/emote/01GSRYSGFR0000ZMA1SVXGGQ5E/1x_static.png,0.3
wawa,https://cdn.7tv.app/emote/01G61H421G0006Z5WTGWA7994Q/1x_static.png,0.2
KEK,https://cdn.7tv.app/emote/01F6N3CJ9R000255K4X1KA2RP9/1x_static.png,0.6
GAGAGA,https://cdn.7tv.app/emote/01H96150H00003CY09NFH3G999/1x.png,0.5
WTFF,https://cdn.7tv.app/emote/01F6M8R11R000B5V5G2M2GAG6J/1x.png,-0.3
PagChomp,https://cdn.7tv.app/emote/01F6MMQCM80009C9ZSNZT3GTK1/1x.png,0.8
NAHH,https://cdn.7tv.app/emote/01GFA0HR0R0009751C3WBKGNB2/1x_static.png,-0.6
HOPIUM,https://cdn.7tv.app/emote/01F7Z8X2K80005DMJNB0FWZDZH/1x.png,0.7
aim,https://cdn.7tv.app/emote/01GQ00C60R0007AVY5Q06WVMHN/1x_static.png,0.3
jorkin,https://cdn.7tv.app/emote/01HSCQYDJ80006X5PBHDB22PKE/1x_static.png,0.5
stopbeingMean,https://cdn.7tv.app/emote/01F7G83GPR00084KZER3F8Z56C/1x.png,0.1
okak,https://cdn.7tv.app/emote/01HDXH46PG000DR138X30ZPN7N/1x.png,0.2
Chillin,https://cdn.7tv.app/emote/01FAPFR2T80009222ZMH048914/1x_static.png,0.6
notxqcL,https://cdn.7tv.app/emote/01F5Z58RJG000AHG40TKQQAJXM/1x_static.png,0.3
BRUHFAINT,https://cdn.7tv.app/emote/01FA1DS298000CBKVRMD7V84PD/1x_static.png,-0.4
ezz,https://cdn.7tv.app/emote/01FPJJNKTG0001BCZZ99DVMMJS/1x.png,0.6
monkaH,https://cdn.7tv.app/emote/01F6S7RZQG0003SBEQ3QZTS85B/1x.png,-0.5
Suske,https://cdn.7tv.app/emote/01FGR1EZ2G00064MEQW00DP1F7/1x.png,0.2
peepoSex,https://cdn.7tv.app/emote/01F6VCVD480002K1FKHYT0XPZB/1x_static.png,0.6
Plead,https://cdn.7tv.app/emote/01G18KZFXG00057RQGXMT1NFPV/1x_static.png,0.1
ALO,https://cdn.7tv.app/emote/01FGFJG39R00021TQRJX35MT9B/1x.png,0.5
shrujj,https://cdn.7tv.app/emote/01GPTQQTDR0001F90QP9X30T5H/1x_static.png,0.1
ApuBand,https://cdn.7tv.app/emote/01F6MS0Y00000C9EC1TDKWT093/1x_static.png,0.7
catJAMJAM,https://cdn.7tv.app/emote/01F79MFGKG0001Q55TEC9R478X/1x_static.png,0.9
howody,https://cdn.7tv.app/emote/01H7P3GBD0000EAS2T5XV46349/1x_static.png,0.6
ABOBA,https://cdn.7tv.app/emote/01HAZ9VXPG0005HE0A9M4Z1YQ6/1x_static.png,0.4
cenaJAM,https://cdn.7tv.app/emote/01GZCK0CBR000E1RT7XX8K2ET3/1x_static.png,0.8
aga,https://cdn.7tv.app/emote/01HMBMJPV0000D32KQCYBK4S1D/1x.png,0.2
RicardoFlick,https://cdn.7tv.app/emote/01EZPJVX7000077NX500A43YD1/1x_static.png,0.7
PepeSpit,https://cdn.7tv.app/emote/01F79M6V8G000DQ10GPBSHM312/1x_static.png,-0.3
BEGGING,https://cdn.7tv.app/emote/01GD8AMDQ00002MSDCE86ZDRP6/1x_static.png,-0.5
3Head,https://cdn.7tv.app/emote/01F6PXMFT0000A6S4F82D55EYZ/1x.png,0.3
owoshy,https://cdn.7tv.app/emote/01H6C7BHXR000ANPXANEMJDX0V/1x_static.png,0.7
WakuWaku,https://cdn.7tv.app/emote/01G0RAVYQG00088SJYXHV79MBY/1x_static.png,0.8
OkaygeL,https://cdn.7tv.app/emote/01F1AVKZN0000BN42J006MA1W3/1x.png,0.3
ppJedi,https://cdn.7tv.app/emote/01FAJTK1300005Z0WD0X9XQV4D/1x_static.png,0.6
LOL,https://cdn.7tv.app/emote/01FZ975PV8000B4AWRZNMVNEXN/1x_static.png,0.7
GAMBAADDICT,https://cdn.7tv.app/emote/01FJT4K8H8000FZHS49NWQT5E7/1x_static.png,0.3
slowJAM,https://cdn.7tv.app/emote/01F6Q9P5KG0005CV1Y3Z4YJWX0/1x_static.png,0.6
peepoClown,https://cdn.7tv.app/emote/01F79P6BFR0005BGS0Y3M4DPPT/1x_static.png,-0.1
BINGCHILLING,https://cdn.7tv.app/emote/01FHRZ15J80005Q2VTPSMHYVPW/1x_static.png,0.5
peepoSimp,https://cdn.7tv.app/emote/01F77EAAX00005TDSTZFBD4BPA/1x_static.png,0.2
fuh,https://cdn.7tv.app/emote/01H6XRV6RR000946Z575118165/1x_static.png,-0.2
SHUSHERS,https://cdn.7tv.app/emote/01F136G4Q80009V7MP006J8KXC/1x_static.png,-0.3
Angry,https://cdn.7tv.app/emote/01G9N9PGC0000D5R8HGE37V4ES/1x_static.png,-0.7
LIKE,https://cdn.7tv.app/emote/01F85F0A28000E14C9J6VJDGKD/1x.png,0.7
kumaPls,https://cdn.7tv.app/emote/01F6ESZQXR0000C8HD7GCCM6E2/1x_static.png,0.6
SMH,https://cdn.7tv.app/emote/01FQ98TKT0000FX658SRNP1BXC/1x_static.png,-0.3
Flirt,https://cdn.7tv.app/emote/01FZYG7P2G0002DTDJJ3MFY7HM/1x.png,0.8
PoPivu,https://cdn.7tv.app/emote/01GVXS1G0800064EWXXSV0QTJC/1x_static.png,0.5
LieMeter,https://cdn.7tv.app/emote/01HDSYZFZG000DR138X30ZP3RA/1x.png,-0.2
DooooooooogLookingSussyAndCute,https://cdn.7tv.app/emote/01FAFKJEVG000787B21DV0XEV5/1x_static.png,0.7
NOW,https://cdn.7tv.app/emote/01FSYF2KG00001M6SADSSJ9A5E/1x_static.png,0.4
flowerr,https://cdn.7tv.app/emote/01G1HBF6580005G1MWWMPGT14V/1x.png,0.8
mitosis,https://cdn.7tv.app/emote/01GT1VGTZR000F54AV8GPAHB50/1x_static.png,0.3
MYEYES,https://cdn.7tv.app/emote/01F6YCW958000AWTYY091Y3SY6/1x_static.png,-0.4
PizzaTime,https://cdn.7tv.app/emote/01F6P977GG0002RDNAW6F04V73/1x_static.png,0.7
catEat,https://cdn.7tv.app/emote/01GM7GRHR80003MGJ927EDX7FQ/1x_static.png,0.6
LookUp,https://cdn.7tv.app/emote/01GGEG6GW0000F2W40R5HWPCHX/1x_static.png,0.2
puh,https://cdn.7tv.app/emote/01GQCRZN2000023EFT95G0N7YF/1x_static.png,-0.1
monkaMath,https://cdn.7tv.app/emote/01FP65ZJV00001BCZZ99DVK6T3/1x_static.png,-0.3
HUGGIES,https://cdn.7tv.app/emote/01F6QG57JR0003K6M82J6XDV3Q/1x_static.png,0.8
MUGA,https://cdn.7tv.app/emote/01GPSNNQKR00081V29Z3EHDCJ5/1x_static.png,0.4
CatNotLikeThisMeow,https://cdn.7tv.app/emote/01F7DDQFS80007F2QTHKMR50VR/1x_static.png,-0.5
gettingjiggywithit,https://cdn.7tv.app/emote/01H4YMJKWG000216GE7S5Z6BRM/1x_static.png,0.8
catClap,https://cdn.7tv.app/emote/01FB7W06AR0004RQA2VEYFG2EA/1x_static.png,0.7
peepoJuice,https://cdn.7tv.app/emote/01FENEEWK0000EM7RFQAJ79BV5/1x_static.png,0.5
FeelsOldMan,https://cdn.7tv.app/emote/01F6Q88ZA80001K6WGNZJD3B8K/1x.png,-0.2
Yo,https://cdn.7tv.app/emote/01GKFRT59000047SF1NR3YD3WA/1x_static.png,0.5
plinkVibe,https://cdn.7tv.app/emote/01H4J6ABFG0006PTF1PS3ZTXGG/1x_static.png,0.7
keking,https://cdn.7tv.app/emote/01H44YJ3R000075DM8MX06CDRN/1x_static.png,0.5
GroupWankge,https://cdn.7tv.app/emote/01FZ4JX2Q80006YTZ47PR1NTQR/1x_static.png,0.6
meowdy,https://cdn.7tv.app/emote/01GP4W22R000053AP3H125C2QX/1x.png,0.4
jamm,https://cdn.7tv.app/emote/01FRXQEGZR0002F97PTSA4WR8W/1x_static.png,0.7
cuh,https://cdn.7tv.app/emote/01H970FHJR0005TVKVAZ4M74AA/1x_static.png,0.2
Pag,https://cdn.7tv.app/emote/01EZPHAJ3R000C438200A44F19/1x.png,0.3
FluteTime,https://cdn.7tv.app/emote/01F60P5WJ0000AE7CZT482PR3P/1x_static.png,0.6
ewValorant,https://cdn.7tv.app/emote/01FQ4THWA0000FQA8WEBNDE97H/1x_static.png,-0.3
mau,https://cdn.7tv.app/emote/01HF2J6AGG0009W20WFPVWNXRY/1x_static.png,0.1
PETTHEBELIEVERS,https://cdn.7tv.app/emote/01F73Z5X7R000CDQRGPD8MKVA5/1x_static.png,0.8
LIVESFROMBASED,https://cdn.7tv.app/emote/01FS8ZA5Z00004MF0Q6R3DR2Y4/1x_static.png,0.7
lookDown,https://cdn.7tv.app/emote/01FFRN5CQG0007P57XYW0BJCMM/1x.png,-0.2
xD,https://cdn.7tv.app/emote/01F6Q6YB200005589X3BDJSDXH/1x.png,0.8
catRAVE,https://cdn.7tv.app/emote/01FRHPVJQ80005RSBJP7VAF4B0/1x_static.png,0.8
yapping,https://cdn.7tv.app/emote/01H1MTDWV80005DBYT6M85RJPZ/1x_static.png,0.3
MonkeKiss,https://cdn.7tv.app/emote/01F6YCMQYG000E8BRPG77SY4BC/1x_static.png,0.6
PETTHEDOUBTERS,https://cdn.7tv.app/emote/01F73Z6DV0000FRPBRWS324GHY/1x_static.png,0.5
JUDGE,https://cdn.7tv.app/emote/01HKJKFZA8000FKAMYNDRSBSEK/1x_static.png,0.0
WW,https://cdn.7tv.app/emote/01F71VQYHR000D3ZZ6Q11NR7TV/1x_static.png,0.2
Joeler,https://cdn.7tv.app/emote/01G4KD6S480004PXZJYX9ZQ0KY/1x_static.png,0.1
donkJam,https://cdn.7tv.app/emote/01F6N8YBR8000E0GG0PF8JZF20/1x_static.png,0.7
peepoWow,https://cdn.7tv.app/emote/01F6NCGF40000E0GG0PF8N52TV/1x.png,0.8
xdd666,https://cdn.7tv.app/emote/01G7YBVN100006P12M5P16S3VV/1x.png,0.7
COCK,https://cdn.7tv.app/emote/01FRGK3CF00008HJJTDFV7A680/1x_static.png,0.1
SaxTime,https://cdn.7tv.app/emote/01F6NWS858000898NRWSAS0Y3Y/1x_static.png,0.7
ohCry,https://cdn.7tv.app/emote/01HQJWBVZR000669HTZR527J26/1x.png,-0.7
wideduckass,https://cdn.7tv.app/emote/01GKDSD3K0000917JY31WTXG15/1x_static.png,0.4
zyzzPls,https://cdn.7tv.app/emote/01F7F4FWY00005GQR1FCHN5CTY/1x_static.png,0.6
BatChesting,https://cdn.7tv.app/emote/01FFEJ2VQ80009CAK0J1468C2W/1x_static.png,0.5
notNOTED,https://cdn.7tv.app/emote/01GBW92YQ0000BVX64F65YTENP/1x_static.png,-0.1
GoodNight,https://cdn.7tv.app/emote/01F6MFHPW00009K1N00D4YF5D4/1x.png,0.6
donkWalk,https://cdn.7tv.app/emote/01F7S707X80001E6PG54YCKBJT/1x_static.png,0.4
CUM,https://cdn.7tv.app/emote/01FBNGCDSR000AW7TRFK8RFTCG/1x.png,0.4
pepeLaugh,https://cdn.7tv.app/emote/01EZPHVXS0000C438200A44F24/1x.png,0.7
VS,https://cdn.7tv.app/emote/01GS5VNQAR00004XNCVHGKGC0C/1x_static.png,0.0
pepeMoney,https://cdn.7tv.app/emote/01F8X2WQBR000492R7CBZS5B5W/1x_static.png,0.6
DonkChat,https://cdn.7tv.app/emote/01F00NKCPR0008KDG4006HKYXV/1x_static.png,0.3
CATBEDOINGTHELAUNDRY,https://cdn.7tv.app/emote/01F6R2HNN8000B7RB73RKR2ZZN/1x_static.png,0.5
FeelsDankMan,https://cdn.7tv.app/emote/01F6MD67TR0005TFYTWP1WCGRK/1x.png,0.0
sisyphus,https://cdn.7tv.app/emote/01H2R0XWZG0004T7AAY7XW3ZRA/1x.png,-0.4
BLABBERING,https://cdn.7tv.app/emote/01FRQ5YAT0000885PX7SJJAGES/1x_static.png,0.3
hehe,https://cdn.7tv.app/emote/01FGHRFGE000047CPSV86K5627/1x.png,0.7
peepoEyeroll,https://cdn.7tv.app/emote/01FCGPX3VR0008XKZT17QKXB3Q/1x_static.png,-0.2
ppHopper,https://cdn.7tv.app/emote/01F6M782W00002B6P5MWZFZSR6/1x_static.png,0.6
awoo,https://cdn.7tv.app/emote/01HSPH80X00005YGAS2SZWDJ88/1x_static.png,0.5
OneGuy,https://cdn.7tv.app/emote/01GNKQ4H30000ATN8Y34FRM30R/1x.png,0.1
Nyehehehe,https://cdn.7tv.app/emote/01H9CA48AR000EKTW7YX78MFRW/1x.png,0.6
BASEDCIGAR,https://cdn.7tv.app/emote/01F6NAHMC8000DYDCJGMY72HQX/1x_static.png,0.7
gustavo,https://cdn.7tv.app/emote/01GB8T68180002HX1EJV60VXXX/1x_static.png,0.2
peepoSitGamer,https://cdn.7tv.app/emote/01FTMQN17G0004Z31N7KWZQX64/1x.png,0.6
SNACKING,https://cdn.7tv.app/emote/01H32ZH4KG000F8489H898S3WJ/1x_static.png,0.7
mion,https://cdn.7tv.app/emote/01FNASQMGR0001BCZZ99DVF74Q/1x_static.png,0.0
rickRoll,https://cdn.7tv.app/emote/01F6QHXZZR0000TEKRM6BF7J21/1x_static.png,0.6
peepoWew,https://cdn.7tv.app/emote/01F6SMSRMR00053E74RSRTJDE3/1x_static.png,0.5
bruuuuuuuuuuuuuuuuuuuuuuuuh,https://cdn.7tv.app/emote/01G54XJ9Q8000097ESMQ84D6C7/1x_static.png,-0.2
ratJAMJAM,https://cdn.7tv.app/emote/01F6PRPM1R000B70V1XA8RPMMD/1x_static.png,0.8
wow,https://cdn.7tv.app/emote/01G06ZCDB80002CSRM1J6EVQ0R/1x_static.png,0.5
yonose,https://cdn.7tv.app/emote/01HRQJ7J2G0008EJM05NVB2SYD/1x.png,0.1
ThatsEnough,https://cdn.7tv.app/emote/01HDT02NYR000DR138X30ZP3XV/1x_static.png,-0.3
poor,https://cdn.7tv.app/emote/01GBFZ6ZJ8000CRDCG0DV7KG3M/1x_static.png,-0.5
IwillBeatYoAss,https://cdn.7tv.app/emote/01GQG88AF00002CP7JFJW7A1ZT/1x_static.png,-0.6
Corpa,https://cdn.7tv.app/emote/01FE709JS000023JM7TY0T0KYJ/1x.png,0.0
peepoGift,https://cdn.7tv.app/emote/01GHR5AGZR00058M1GCX0RKE23/1x_static.png,0.8
peepoJAMMER,https://cdn.7tv.app/emote/01F6T2WAKR000FFMY8SXKB29EY/1x_static.png,0.7
quota,https://cdn.7tv.app/emote/01HEMNH1K8000DXSBGE946WZ27/1x_static.png,0.0
Learning,https://cdn.7tv.app/emote/01GXAYK63800010ZS90A1S9YJ8/1x.png,0.5
Catting,https://cdn.7tv.app/emote/01G7F7ZKRR000CY3BJ8KREXDC6/1x_static.png,0.6
emo,https://cdn.7tv.app/emote/01G2F33KPG00021E10SZFP4FHQ/1x_static.png,-0.5
CatDriving,https://cdn.7tv.app/emote/01H37VAPP8000BXX005J6Z5F2A/1x_static.png,0.6
xddkiss,https://cdn.7tv.app/emote/01G8AVGM380005XQ40NT9MXCB4/1x_static.png,0.6
ACTINUP,https://cdn.7tv.app/emote/01F6Q3MQ5R00015Y8FNQB32H1M/1x_static.png,0.4
ContentCheck,https://cdn.7tv.app/emote/01EZVME6E000012PTN006Q50QV/1x_static.png,0.0
KEKBye,https://cdn.7tv.app/emote/01F6VQ74BR0002CGDRZACCGFBY/1x_static.png,0.2
PepeNPC,https://cdn.7tv.app/emote/01FS23E2P80005FHRFCCZBV0P1/1x.png,0.0
danseparty,https://cdn.7tv.app/emote/01GCPB9S300002K9B2FDRY70YY/1x_static.png,0.8
RatDance,https://cdn.7tv.app/emote/01HDQHNXP000026GMQ12QT6QBJ/1x_static.png,0.7
SCAMBA,https://cdn.7tv.app/emote/01GWACFXSG0002CCPRV6KPX2XA/1x_static.png,-0.4
:DD,https://cdn.7tv.app/emote/01FZ1HB2DR000DPFPNZDKV8E9W/1x_static.png,0.9
SkillIssue,https://cdn.7tv.app/emote/01GSTZ3E08000F54AV8GPAGMNP/1x_static.png,-0.3
HEHE,https://cdn.7tv.app/emote/01GGQA8RQ0000D35XJJ13VQC3Q/1x.png,0.7
poggSpin,https://cdn.7tv.app/emote/01G2Q4RPF800050EHM6W0ENA8Z/1x_static.png,0.8
PeepoRunCry,https://cdn.7tv.app/emote/01F6SESYYG00084KDG590QYJ5S/1x_static.png,-0.7
Uhm,https://cdn.7tv.app/emote/01F6W6MNAR0007WR3JGSXTA1TR/1x_static.png,-0.1
peepoLegs,https://cdn.7tv.app/emote/01F6SKQXMG000F2AC3SMEJE55K/1x_static.png,0.5
catBruh,https://cdn.7tv.app/emote/01FFY5T3EG0003V31D4DMQN23T/1x_static.png,0.0
Robert,https://cdn.7tv.app/emote/01G10YQM2R00016FNJM5NG87ZV/1x.png,0.2
catSleep,https://cdn.7tv.app/emote/01G044NFSG00033Y3V2VD0Z8KK/1x_static.png,0.4
Birthypers,https://cdn.7tv.app/emote/01F6NR51000003C6R1CKKET335/1x_static.png,0.8
wrrr,https://cdn.7tv.app/emote/01GXKYSGBG000A4FN34W5CETQ7/1x_static.png,-0.2
widepeepoShy,https://cdn.7tv.app/emote/01F6Z98VC80007YV3P40HV3JFW/1x_static.png,0.3
FeelsGoodMan,https://cdn.7tv.app/emote/01F6M8WRE00008KZTH0TE5T2QN/1x.png,0.8
widepeepoSad,https://cdn.7tv.app/emote/01F6Z9CB5R0008XV4R7TWSHYSG/1x_static.png,-0.7
Borpa,https://cdn.7tv.app/emote/01FRY8RTP80001A0YZ53RGSV9T/1x_static.png,0.3
ppBounce,https://cdn.7tv.app/emote/01FRRJ3MBGY3AC26G85QKHHK7C/1x_static.png,0.6
pepeSpit,https://cdn.7tv.app/emote/01FVEQ8TBG00003MDRHSJNJS3Z/1x_static.png,0.1
Aware1,https://cdn.7tv.app/emote/01G5ACRKT000DVK0Z25DP8HE9V/1x_static.png,-0.3
duckPls,https://cdn.7tv.app/emote/01F6QAMCR0000CEKVQ4PSG9WQZ/1x_static.png,0.7
wokege,https://cdn.7tv.app/emote/01F6ZXVVMG0002DXP7GQ9A0VZ6/1x_static.png,0.1
kekwtf,https://cdn.7tv.app/emote/01G6DD1JQ0003Y6D2YRQ3FA5Y3/1x_static.png,0.0
wideSkill,https://cdn.7tv.app/emote/01GTE3RMVR0000DJ82BX5Y6ZYK/1x_static.png,-0.4
PEPW,https://cdn.7tv.app/emote/01HQ4SWXWS0009KK7R75XH08VV/1x_static.png,-0.2
HmmThinking,https://cdn.7tv.app/emote/01EZVD7M6TD8G3CPBJ4J0Z4Y3F/1x.png,0.0
STARE,https://cdn.7tv.app/emote/01H30SXBRV000A21KK75D2C7Z3/1x_static.png,0.0
Hooray,https://cdn.7tv.app/emote/01H5CKP4GG000JX0BBA7Q2PCPW/1x.png,0.8
WhoAsked,https://cdn.7tv.app/emote/01G94TFVQVTR64N0VPHQ0SKJAT/1x_static.png,-0.2
hmmm,https://cdn.7tv.app/emote/01HGGQWVG0000HV8BXQM5KQM86/1x_static.png,0.0
peepoSitUpgrade,https://cdn.7tv.app/emote/01G22A0VQ0000KXGMV61JGNY73/1x_static.png,0.6
widepeepoGuitar,https://cdn.7tv.app/emote/01FQCGSWFR000Q0W6VVK5PJQRC/1x_static.png,0.7
CICK,https://cdn.7tv.app/emote/01GDPZ1P4XWBZ8Q3YSTK1K3ERV/1x_static.png,0.1
NekoNya,https://cdn.7tv.app/emote/01GESFH8F000EZNVDYX93S3A2R/1x_static.png,0.7
Hmmmm,https://cdn.7tv.app/emote/01G67QQ6K0000CYEYGWKV3Z81S/1x.png,0.0
Gayge,https://cdn.7tv.app/emote/01F7N0DN7F0001XE2R9JSSWP79/1x_static.png,0.5
hisoka,https://cdn.7tv.app/emote/01GZ5N3QF000NMHX9YVKXBVDRM/1x_static.png,0.2
mericCat,https://cdn.7tv.app/emote/01GMK85F7QVCSWGG7Q6QB76ZPT/1x_static.png,0.5
Scoots,https://cdn.7tv.app/emote/01FQ9TAAQS0000KS71MTBR4GV4/1x_static.png,0.1
widepeepoGasp,https://cdn.7tv.app/emote/01G38Q9MR00082E4WC7JPKSKRH/1x_static.png,0.3
staring,https://cdn.7tv.app/emote/01ESMJE0EFGZS00JGVEMG7G2NH/1x.png,0.0
CatCry,https://cdn.7tv.app/emote/01FP01C3E0000CB6XGQWJFVR80/1x_static.png,-0.6
weSalute,https://cdn.7tv.app/emote/01HT64QRG0000HW4MN0YHVDFCX/1x_static.png,0.6
zzz,https://cdn.7tv.app/emote/01GH4NM2PG000CVHQY97K51W7W/1x.png,0.0
Heyge,https://cdn.7tv.app/emote/01F6S3CVBC000HVP9FA3P4ZJ3V/1x_static.png,0.4
Okayeg,https://cdn.7tv.app/emote/01F6Z3V8QMM000H8CAB85KVG71/1x.png,0.2
wideEyes,https://cdn.7tv.app/emote/01F6RDZ00D0000Q3YRSSJF7B21/1x_static.png,0.4
KEKPoint,https://cdn.7tv.app/emote/01G0WVNB9V0000JM5DWMVSGXH9/1x_static.png,0.5
ApplePie,https://cdn.7tv.app/emote/01F6Q6YA4000005Z07PHJZ79MA/1x_static.png,0.6
KEKWait,https://cdn.7tv.app/emote/01F7GCA747000KSFDGBZTQNFQ4/1x_static.png,0.1
GFUEL,https://cdn.7tv.app/emote/01HGV0X1HG00023B8XM4HHCT02/1x_static.png,0.3
chillSip,https://cdn.7tv.app/emote/01GHP2TQQR00055E2EXX3TS1D1/1x_static.png,0.4
Glizzy,https://cdn.7tv.app/emote/01F8YNY0QQ0001Z71N2AY16D7G/1x.png,0.3
PETTHEFLOWERS,https://cdn.7tv.app/emote/01FTHBX800003GES39S9QF4MZT/1x_static.png,0.8
monkaGIGA,https://cdn.7tv.app/emote/01F8YY87P000007Q12R1WF6X85/1x_static.png,-0.5
ApuApproved,https://cdn.7tv.app/emote/01F6P7PE6R000DQBKZM1DBXNHZ/1x_static.png,0.7
DonoWall,https://cdn.7tv.app/emote/01EZEZQ37YBXN7Z32CNWAFG7M4/1x.png,-0.3
LOST,https://cdn.7tv.app/emote/01F9P0BBR0000GCCTPV2GXNPGT/1x.png,-0.4
Prayge,https://cdn.7tv.app/emote/01F6P8QDK80001V6K59JDSSSMC/1x_static.png,0.5
GIGACHAD1,https://cdn.7tv.app/emote/01GCZH652R00004J2NPSCDKN7S/1x_static.png,0.8
peepoStare,https://cdn.7tv.app/emote/01F6P7P8BR000VMMBDYBZ1Y1Z5/1x_static.png,0.0
widepeepoBlanket,https://cdn.7tv.app/emote/01F6Z54ER0000PTP2QKC4JWH08/1x_static.png,0.6
Chatting,https://cdn.7tv.app/emote/01F8A22K7ZQ80000FD0Z7MFQGZ/1x_static.png,0.3
meowhii,https://cdn.7tv.app/emote/01GN0AP8KX0006RRWKTTQ3W3D9/1x_static.png,0.6
KEKSpin,https://cdn.7tv.app/emote/01HPNVXXG0000FV31JQAAB81Z4/1x_static.png,0.5
WEEWOO,https://cdn.7tv.app/emote/01F6VV2Y8R00008Y9Z42MFKK0Z/1x_static.png,0.2
billyApprove,https://cdn.7tv.app/emote/01FTE93S7KR00000G3YGGF8D2Z/1x_static.png,0.7
peepoLeavingChat,https://cdn.7tv.app/emote/01F6Z3HP7WF6000FTG5WGM6M81/1x_static.png,-0.1
Stronge,https://cdn.7tv.app/emote/01FF16PH1F0000Q37WF5B9AD16/1x_static.png,0.6
MegaLUL,https://cdn.7tv.app/emote/01F8H9ZDG55VE0D8VC4Z6VRCRV/1x_static.png,0.8
Teatime,https://cdn.7tv.app/emote/01FHEH12MN9VJZK6Z1E8EE1PSD/1x_static.png,0.5
TwitchTos,https://cdn.7tv.app/emote/01HS9HXSRZVB52THZHKDJW9N86/1x_static.png,-0.3
eatBread,https://cdn.7tv.app/emote/01GJCPX1VR00073XCGFQ10JXWA/1x_static.png,0.5
Dank,https://cdn.7tv.app/emote/01F41TX5W0000G4G2B2B24SWDP/1x.png,0.4
soo,https://cdn.7tv.app/emote/01H2E5S4AK000NN3BJSW28QSXS/1x_static.png,0.0
RATS,https://cdn.7tv.app/emote/01G2Q9Z0S800050EHM6TC1D91D/1x_static.png,0.2
PepegaClapx10,https://cdn.7tv.app/emote/01GYZ6H3RR0000SYGC4A2DF4Z9/1x_static.png,0.7
Mmm,https://cdn.7tv.app/emote/01GZJCB6DR000KV9WR4WXJPJ6J/1x_static.png,0.2
peepoGiggles,https://cdn.7tv.app/emote/01FTVZ8MM8000CCW9H78F8XV2A/1x_static.png,0.8
yesyes,https://cdn.7tv.app/emote/01HDKB9TRFVN3A30XZF9ZSV40G/1x_static.png,0.6
ApuMusic,https://cdn.7tv.app/emote/01FHR41V3YG0002SWF6FD804XG/1x_static.png,0.6
trolled,https://cdn.7tv.app/emote/01HNJBQ66G000XCPKWSPBBFRVQ/1x.png,0.1
monkaGun,https://cdn.7tv.app/emote/01F8YY9Z10000N1K0FS4S43NG2/1x_static.png,-0.6
Lagging,https://cdn.7tv.app/emote/01GKDXBQS3000ZM4RQ0GDS1FTC/1x_static.png,-0.3
HEWWO,https://cdn.7tv.app/emote/01G1NC4QBT000Q3M9EQRM38Q7F/1x_static.png,0.5
FeelsMixMan,https://cdn.7tv.app/emote/01FRKBWJZBSWSF7P3GHPDBNZYD/1x_static.png,0.0
ThugLife,https://cdn.7tv.app/emote/01FG7HY7R30008PVGD77R5D6G9/1x_static.png,0.6
ppOverheat,https://cdn.7tv.app/emote/01F6M7820Q00010AFT18VD73DP/1x_static.png,0.3
KKool,https://cdn.7tv.app/emote/01FRXM3M8R0002BW1CSKW3S83Z/1x_static.png,0.7
NotLikeThis,https://cdn.7tv.app/emote/01FRKJ7VCKRH6KPGGFQ1X2YGPG/1x.png,-0.5
NotLikeThis1,https://cdn.7tv.app/emote/01FRV2FSZ80002FAP03S39C8DT/1x_static.png,-0.5
hhhehehe,https://cdn.7tv.app/emote/01FX9B0X8D0000QTK7D0SVNPPV/1x_static.png,0.7
HAAAA,https://cdn.7tv.app/emote/01GXW8JTNG001DB2N4Z8T7EPVH/1x_static.png,0.8
PepePopcorn,https://cdn.7tv.app/emote/01G7T3NYKR000QZKTDND1GQVRB/1x_static.png,0.6
REE,https://cdn.7tv.app/emote/01FRTHBY4R0002YRJPGKQ02AXD/1x_static.png,-0.6
AlienPls,https://cdn.7tv.app/emote/01HC47E2G3000AJKZD4MPMJ9DB/1x_static.png,0.6
SlothRave,https://cdn.7tv.app/emote/01F7H7CNDNP0000P8YPNP4MQDC/1x_static.png,0.7
ahhyes,https://cdn.7tv.app/emote/01HEMZ39G5000WQYW90M9VNZ11/1x_static.png,0.6
bigblessing,https://cdn.7tv.app/emote/01GHXW2QYGXX4F7RM8JMTG2JMV/1x_static.png,0.7
Clueless,https://cdn.7tv.app/emote/01FF01TFKG0000V8B8KJ60ZCSY/1x.png,0.0
HOLYCOMMUNISM,https://cdn.7tv.app/emote/01F9P079BR0000SETZ1FXMK5CW/1x_static.png,0.2
DoctorChad,https://cdn.7tv.app/emote/01HKMPV1PG0001GHXZ34CRBSHW/1x_static.png,0.6
Sadeg,https://cdn.7tv.app/emote/01F6Z0JBMC8000EJSCFH3JHB2V/1x.png,-0.6
OOOO,https://cdn.7tv.app/emote/01F6Q3FE1R00033P53Z10K4TVA/1x_static.png,0.6
LL,https://cdn.7tv.app/emote/01F71VTZ7G0005AHDMTSVHKYH2/1x_static.png,0.0
catAsk,https://cdn.7tv.app/emote/01HDJKRTF00000ZC4XYEEBH35A/1x_static.png,0.2
OkayuDance,https://cdn.7tv.app/emote/01F6P3Y6AR000AAS5FM9QCBDGC/1x_static.png,0.8
clappi,https://cdn.7tv.app/emote/01H9JADJJR0008QVVK15MGJ4NY/1x_static.png,0.7
dobro,https://cdn.7tv.app/emote/01H588WGW00001KZFCFR2TS170/1x_static.png,0.2
DOCING,https://cdn.7tv.app/emote/01EZPRSMG80002RYT500A3PHPV/1x_static.png,0.4
WHATDOYOUMEANBYTHAT,https://cdn.7tv.app/emote/01F6T6M2MR000DDVB8PWZQAPQ1/1x_static.png,-0.1
nowono,https://cdn.7tv.app/emote/01H7EA8638000BJMWG0C319HN3/1x_static.png,-0.3
birff,https://cdn.7tv.app/emote/01FP7MYCP0000FZADBM40VT157/1x.png,0.5
PREDICTING,https://cdn.7tv.app/emote/01H76BWY1G000D5MEEVZJ1K9ZE/1x_static.png,0.2
isforme,https://cdn.7tv.app/emote/01FSNBAZ8G0007E5TN8YT2BHYM/1x_static.png,0.3
owoSpin,https://cdn.7tv.app/emote/01H7GA0VVG00050YMJCZXEWEKD/1x_static.png,0.7
Ayo,https://cdn.7tv.app/emote/01FT7859JG0001E12995B11BP7/1x_static.png,0.4
SHTO,https://cdn.7tv.app/emote/01G6REDHHR00068806HB3KD81P/1x_static.png,-0.2
peepoPride,https://cdn.7tv.app/emote/01F77NW09R0005BGS0Y3MEJBV4/1x_static.png,0.9
HECANT,https://cdn.7tv.app/emote/01G4FZG870000487MWX9F93YF7/1x.png,-0.4
Hmmge,https://cdn.7tv.app/emote/01F65HB1AG000C5JJ7RZAZ7VWF/1x.png,0.0
BOBER,https://cdn.7tv.app/emote/01HCCXW2M00003DZM5HVHF63FP/1x_static.png,0.3
TUCKK,https://cdn.7tv.app/emote/01H4HJ1VH00004N7HS6ABR91S7/1x_static.png,0.5
Sadgi,https://cdn.7tv.app/emote/01F9A243N00009VBS6C3C42T2G/1x.png,-0.7
bruh,https://cdn.7tv.app/emote/01FCSKTWDG0005BCY3V49VJ6E5/1x_static.png,-0.3
peepoHappier,https://cdn.7tv.app/emote/01F6PKXEP00002RDNAW6F1KAE8/1x_static.png,0.9
modd,https://cdn.7tv.app/emote/01GMDMB82G00061J9JEKMX1669/1x.png,0.1
Voices,https://cdn.7tv.app/emote/01GM6SK91R000C18F61MV5SEQE/1x_static.png,-0.3
COOKED,https://cdn.7tv.app/emote/01HR292BAR000264035KP5PR4Y/1x.png,0.6
WideJigglin,https://cdn.7tv.app/emote/01GGR8V3BG000BH56Z9ZR84M21/1x_static.png,0.7
myIQ,https://cdn.7tv.app/emote/01GWKRZ68R000A2R0P3QXVDA12/1x_static.png,-0.2
StopStreaming,https://cdn.7tv.app/emote/01F66ZJ4C8000AR23251309GDN/1x.png,-0.5
eww,https://cdn.7tv.app/emote/01GQXH6YQ00001C243KH4N2RSK/1x.png,-0.6
FeelsStrongMan,https://cdn.7tv.app/emote/01GB8D6Y00000BFSD141G0MBFP/1x.png,0.7
Floppas,https://cdn.7tv.app/emote/01EZTG933000012PTN006Q50QC/1x_static.png,0.5
ApuJam,https://cdn.7tv.app/emote/01F5Q4WZ3000034VRANA2VCJFR/1x_static.png,0.7
WEIRD,https://cdn.7tv.app/emote/01F6R9T358000ATZXMPM5X2K8M/1x_static.png,-0.3
tink,https://cdn.7tv.app/emote/01G0GMSW10000C5FHDE5QRHP4M/1x.png,0.4
DICKS,https://cdn.7tv.app/emote/01F6MF9G5R0009K1N00D4XTRCC/1x.png,-0.1
batJAM,https://cdn.7tv.app/emote/01FGYFTSB0000DR9KT6H0R2B7W/1x_static.png,0.8
hiHelloHi:),https://cdn.7tv.app/emote/01GKC231ZR0007N0FY4NB609ZK/1x_static.png,0.8
peepoEyes,https://cdn.7tv.app/emote/01FSNNDJG80000JPZ36BHMFR5N/1x_static.png,0.3
IHaveAQuestion,https://cdn.7tv.app/emote/01GRGSHCW80004RVBCVMBM4744/1x.png,0.1
waterTime,https://cdn.7tv.app/emote/01F6SVJ6DR000C5HXT84YW1569/1x_static.png,0.4
re,https://cdn.7tv.app/emote/01G8ZXMFX000075PVZF5TQZ6VA/1x_static.png,0.0
PeepoWine,https://cdn.7tv.app/emote/01F79NXT1R000F17N8G1S9VR6F/1x_static.png,0.6
WEEWOO,https://cdn.7tv.app/emote/01F6T920S80004B20PGM3Q1GQS/1x_static.png,0.5
OOOOBANG,https://cdn.7tv.app/emote/01FCV82MGG00048TJ1B00V38QM/1x_static.png,0.7
ADHD,https://cdn.7tv.app/emote/01GFNV4GW0000AGWT4394K7Y3W/1x_static.png,0.1
peepoSub,https://cdn.7tv.app/emote/01FTYBYV98000FP9VSKPYXXQKG/1x.png,0.6
punch,https://cdn.7tv.app/emote/01J0PRD27G000DJQZG6B3ADYMG/1x_static.png,-0.3
peepoHiddenGiggles,https://cdn.7tv.app/emote/01F9NPXYH8000DTTM11QAB8ZPK/1x_static.png,0.8
peepoBurnMoney,https://cdn.7tv.app/emote/01H295PH7R00080K50KTZJ9TXJ/1x_static.png,-0.2
AlienUnpleased,https://cdn.7tv.app/emote/01FNBXTQD80001BCZZ99DVFA8A/1x.png,-0.4
Malding,https://cdn.7tv.app/emote/01FF0JP3ZG0009RPRAHGDSCST5/1x_static.png,-0.6
Staring,https://cdn.7tv.app/emote/01HHAVSQAG0003W0VS0TEDG09G/1x_static.png,0.0
CatTime2,https://cdn.7tv.app/emote/01HSVPHY80000BF22ZE9ZB6234/1x_static.png,0.5
peepoPizza,https://cdn.7tv.app/emote/01F6SFKM7R0007A0569XY0Q8SD/1x_static.png,0.8
Buratino,https://cdn.7tv.app/emote/01FAVV20P8000C0Z8TR69XC86Q/1x_static.png,0.3
peepoAwesome,https://cdn.7tv.app/emote/01F6PP771800015NVG2J8YWAJQ/1x.png,0.9
IMDEAD,https://cdn.7tv.app/emote/01G25D696R0003SZSY7SHK2V3H/1x_static.png,-0.5
talkk,https://cdn.7tv.app/emote/01G9G5X1T00002KJM89VK54GRV/1x_static.png,0.2
ratio,https://cdn.7tv.app/emote/01FY0M3ZD000019X49G26ZD1DV/1x_static.png,-0.2
nowoy,https://cdn.7tv.app/emote/01H7D448ZR0005KHPV1N5P32K6/1x.png,-0.4
Alarm,https://cdn.7tv.app/emote/01F8CVR7R8000CCTQVN7ZHJVBQ/1x_static.png,0.2
sex,https://cdn.7tv.app/emote/01FDD9Q99R000C9KHEFGY3M4K1/1x_static.png,0.3
ReallyGunPull,https://cdn.7tv.app/emote/01GM4NRH600009PCY1TJ9Q2NF6/1x_static.png,-0.4
WHOMEGALUL,https://cdn.7tv.app/emote/01FFJHBA2R0000JT8GHDKHHNN8/1x.png,-0.2
1984,https://cdn.7tv.app/emote/01F6WDQ2EG00007614EPW3P4T6/1x_static.png,-0.5
BorpaBeLickinDaBUSSERS,https://cdn.7tv.app/emote/01F6WPPJMR00079YM5Q59EWYQW/1x_static.png,0.6
poutt,https://cdn.7tv.app/emote/01GR4FJYM8000EP1S8Q17GKHQJ/1x.png,-0.1
docArrive,https://cdn.7tv.app/emote/01F67P1DYR0004V0YAA2FWEDX2/1x_static.png,0.5
catSpin,https://cdn.7tv.app/emote/01G3J2MB9R000AVHF824CCKHMB/1x_static.png,0.7
Considering,https://cdn.7tv.app/emote/01H9T8T4M80009A91MKCXRPCMM/1x.png,0.0
StoryTime,https://cdn.7tv.app/emote/01FYGNB8AG0005NQQFR8W3ZHGF/1x_static.png,0.4
RaveTime,https://cdn.7tv.app/emote/01GCQYP7580006PE9P72Y03B9D/1x_static.png,0.8
CATBOOBS,https://cdn.7tv.app/emote/01FE2519DR0007R4ZK2XQWREXK/1x_static.png,0.3
4Weird,https://cdn.7tv.app/emote/01FP24BZ6R000FZADBM40VSA02/1x.png,-0.3
gorillaSpin,https://cdn.7tv.app/emote/01F6ZR93HG000AP063NAQ420ME/1x_static.png,0.6
WideSusge,https://cdn.7tv.app/emote/01FD3Q7FP80007RSD43SQ0P0QM/1x_static.png,-0.1
BOTTING,https://cdn.7tv.app/emote/01F5PEDKJ00004R630K8ESMRAX/1x_static.png,-0.3
Fwiend,https://cdn.7tv.app/emote/01G6CVZT700007CQBJPSBDE7TX/1x.png,0.8
peepoHigh,https://cdn.7tv.app/emote/01F6QN5T880000TEKRM6B5ZAC4/1x.png,0.6
Sneak,https://cdn.7tv.app/emote/01G8P6GH2R000BK3R7HJ544BJ1/1x_static.png,0.3
OOOO,https://cdn.7tv.app/emote/01F6Q3FE1R00033P53Z10K4TVA/1x_static.png,0.6
dramaa,https://cdn.7tv.app/emote/01H47M166R000481SD0Z8VV7FF/1x_static.png,-0.3
aaaa,https://cdn.7tv.app/emote/01GT0XQG500004J62EZBADHT6K/1x.png,-0.4
LickYou,https://cdn.7tv.app/emote/01HB6RN0B8000BY5AAK49PQ9VX/1x_static.png,0.6
walterShocked,https://cdn.7tv.app/emote/01F6TF1JNG0008F83ZNWG5CSST/1x_static.png,-0.2
there,https://cdn.7tv.app/emote/01H8DS066R0001DZ9QYTNFHNT1/1x.png,0.0
ohmies,https://cdn.7tv.app/emote/01HRA26RGR000B11HAFPEPA5FT/1x.png,0.5
ruh,https://cdn.7tv.app/emote/01GRZR50FR0001BYFR1F8C8SEV/1x_static.png,-0.2
Suskayge,https://cdn.7tv.app/emote/01FB031ZCG000EAYZC08B0QQGG/1x.png,-0.1
GANDON,https://cdn.7tv.app/emote/01GAJ3RJPR0008X0SYKKKZWT7V/1x.png,-0.3
massivePIDAS,https://cdn.7tv.app/emote/01G0KP1N5R000167A5H0K2MX85/1x.png,-0.1
EZClap,https://cdn.7tv.app/emote/01F78Y0PN00005BGS0Y3M9TD8M/1x_static.png,0.8
docL,https://cdn.7tv.app/emote/01F13A84J80009V7MP006J8M1F/1x_static.png,0.4
wideVibe,https://cdn.7tv.app/emote/01FVDGPY080008TTS3W3848W3Y/1x_static.png,0.7
glizzyR,https://cdn.7tv.app/emote/01F6TYK1KR00021D1JJ0XDFHAG/1x_static.png,0.3
hz,https://cdn.7tv.app/emote/01FM7TDRMR0001FS6N1BY0T03P/1x_static.png,0.0
aww,https://cdn.7tv.app/emote/01H6QTVYMG000093SJ73R14VDY/1x_static.png,0.7
YIPPEE,https://cdn.7tv.app/emote/01G9JW7WY80003SW3KYSMQE9YY/1x_static.png,0.9
PauseMan,https://cdn.7tv.app/emote/01F6MEJGTG0000WDA7ERTABDD0/1x.png,0.0
CatGun,https://cdn.7tv.app/emote/01F6Z67YSG000ECP2WY4CZ9WEG/1x_static.png,-0.2
Baldge,https://cdn.7tv.app/emote/01GXH3S0580008FH1TYNP00JV7/1x_static.png,-0.3
GIGATON,https://cdn.7tv.app/emote/01G63V1S5G000688QMW90DN85K/1x_static.png,0.8
idiot,https://cdn.7tv.app/emote/01GHA975A8000BH04EQR1SJPHK/1x.png,-0.6 